movieID	name	year	rating	votes	action	adventure	animation	biography	comedy	crime	documentary	drama	family	fantasy	film-noir	history	horror	music	musical	mystery	romance	sci-fi	short	sport	thriller	war	western	Topic 0	Topic 1	Topic 2	Topic 3	Topic 4
m298	citizen kane	1941	8.6	140517	0	0	0	0	0	0	0	1	0	0	0	0	0	0	0	1	0	0	0	0	0	0	0	0.057648857	0.041500532	0.105362839	0.780602073	0.014885699
m225	the verdict	1982	7.7	10991	0	0	0	0	0	0	0	1	0	0	0	0	0	0	0	0	0	0	0	0	0	0	0	0.032862056	0.089160616	0.034984928	0.776461597	0.066530803
m593	verdict	1974	5.7	135	0	0	0	0	0	0	0	1	0	0	0	0	0	0	0	0	0	0	0	0	0	0	0	0.032879386	0.090280429	0.032921811	0.775020152	0.068898222
m573	trouble in paradise	1932	8.2	4781	0	0	0	0	1	1	0	0	0	0	0	0	0	0	0	0	1	0	0	0	0	0	0	0.045984456	0.024467473	0.147236615	0.76482441	0.017487047
m18	american madness	1932	7.4	702	0	0	0	0	0	0	0	1	0	0	0	0	0	0	0	0	0	0	0	0	0	0	0	0.057285463	0.045091033	0.06199308	0.711871136	0.123759288
m42	casablanca	1942	8.8	170874	0	0	0	0	0	0	0	1	0	0	0	0	0	0	0	0	1	0	0	0	0	1	0	0.032089204	0.074898713	0.168835825	0.705209566	0.018966692
m161	platinum blonde	1931	6.9	1119	0	0	0	0	1	0	0	0	0	0	0	0	0	0	0	0	1	0	0	0	0	0	0	0.087897563	0.025030979	0.104626188	0.704667493	0.077777778
m78	grand hotel	1932	7.7	6088	0	0	0	0	0	0	0	1	0	0	0	0	0	0	0	0	1	0	0	0	0	0	0	0.031652317	0.023124231	0.250471505	0.683517835	0.011234112
m140	mr. deeds goes to town	1936	8	7594	0	0	0	0	1	0	0	0	0	0	0	0	0	0	0	0	1	0	0	0	0	0	0	0.060676827	0.043100623	0.129219928	0.680801377	0.086201245
m149	ninotchka	1939	7.9	6951	0	0	0	0	1	0	0	0	0	0	0	0	0	0	0	0	1	0	0	0	0	0	0	0.027180207	0.068135334	0.219634804	0.677928094	0.007121559
m266	being there	1979	8	25085	0	0	0	0	1	0	0	1	0	0	0	0	0	0	0	0	0	0	0	0	0	0	0	0.063472266	0.129716246	0.103419603	0.677268475	0.026123411
m139	mr. smith goes to washington	1939	8.4	33984	0	0	0	0	0	0	0	1	0	0	0	0	0	0	0	0	0	0	0	0	0	0	0	0.032896151	0.050478989	0.131536826	0.674096371	0.110991662
m558	the third man	1949	8.5	51872	0	0	0	0	0	0	0	0	0	0	1	0	0	0	0	1	0	0	0	0	1	0	0	0.047364152	0.079318735	0.167315491	0.669343066	0.036658556
m246	the apartment	1960	8.4	37301	0	0	0	0	1	0	0	1	0	0	0	0	0	0	0	0	1	0	0	0	0	0	0	0.141814097	0.033760804	0.046990546	0.668320384	0.109114169
m475	playback	1996	3.6	164	0	0	0	0	0	0	0	0	0	0	0	0	0	0	0	0	0	0	0	0	1	0	0	0.082850676	0.101491246	0.106084815	0.665767925	0.043805339
m90	his girl friday	1940	8.1	20870	0	0	0	0	1	0	0	1	0	0	0	0	0	0	0	0	1	0	0	0	0	0	0	0.022331537	0.032586346	0.122693319	0.658337888	0.16405091
m174	the seventh victim	1943	6.9	1596	0	0	0	0	0	0	0	1	0	0	0	0	1	0	0	0	0	0	0	0	1	0	0	0.080628803	0.025693036	0.232420554	0.647227857	0.01402975
m293	charade	1963	8	22815	0	0	0	0	1	0	0	0	0	0	0	0	0	0	0	1	1	0	0	0	1	0	0	0.059636848	0.060261536	0.172455439	0.643095119	0.064551058
m204	the talented mr. ripley	1999	7.2	64055	0	0	0	0	0	1	0	1	0	0	0	0	0	0	0	0	0	0	0	0	1	0	0	0.167325949	0.047468354	0.136735232	0.623857243	0.024613221
m296	chinatown	1974	8.5	80698	0	0	0	0	0	1	0	1	0	0	0	0	0	0	0	1	0	0	0	0	1	0	0	0.118181025	0.059352361	0.083878851	0.593130837	0.145456926
m569	the thin man	1934	8.1	11936	0	0	0	0	1	1	0	1	0	0	0	0	0	0	0	1	1	0	0	0	0	0	0	0.103797733	0.042156402	0.13853628	0.58674189	0.128767696
m482	psycho	1960	8.7	146915	0	0	0	0	0	0	0	1	0	0	0	0	1	0	0	1	0	0	0	0	1	0	0	0.161662117	0.055555556	0.142756041	0.586543322	0.053482964
m238	all about eve	1950	8.5	35597	0	0	0	0	0	0	0	1	0	0	0	0	0	0	0	0	0	0	0	0	0	0	0	0.164417687	0.031416511	0.196087929	0.586326206	0.021751667
m322	the devil and daniel webster	2004	5.7	1824	0	0	0	0	1	0	0	1	0	1	0	0	0	0	0	0	0	0	0	0	0	0	0	0.043575515	0.020217662	0.317288252	0.583516153	0.035402418
m278	body of evidence	1993	4.1	6052	0	0	0	0	0	0	0	1	0	0	0	0	0	0	0	0	1	0	0	0	1	0	0	0.213370078	0.079293499	0.082341643	0.583197628	0.041797152
m402	it's a wonderful life	1946	8.7	103290	0	0	0	0	0	0	0	1	0	1	0	0	0	0	0	0	1	0	0	0	0	0	0	0.108800672	0.039119933	0.122033186	0.579395085	0.150651124
m208	the birds	1963	7.9	53233	0	0	0	0	0	0	0	0	0	0	0	0	1	0	0	0	1	0	0	0	1	0	0	0.152371169	0.070621469	0.172787194	0.577983222	0.026236946
m53	the elephant man	1980	8.4	59625	0	0	0	1	0	0	0	1	0	0	0	1	0	0	0	0	0	0	0	0	0	0	0	0.049182299	0.061748437	0.296055796	0.572270322	0.020743146
m575	transatlantic merry-go-round	1934	6.9	53	0	0	0	0	1	0	0	0	0	0	0	0	0	0	1	1	1	0	0	0	0	0	0	0.062275986	0.066208682	0.111409797	0.572033055	0.188072481
m415	klute	1971	7.2	6901	0	0	0	0	0	0	0	0	0	0	0	0	0	0	0	1	1	0	0	0	1	0	0	0.193861473	0.070649776	0.063969244	0.568349404	0.103170101
m167	rear window	1954	8.7	121165	0	0	0	0	0	1	0	0	0	0	0	0	0	0	0	1	1	0	0	0	1	0	0	0.173262303	0.084474886	0.105783866	0.553526129	0.082952816
m77	the graduate	1967	8.2	79677	0	0	0	0	1	0	0	1	0	0	0	0	0	0	0	0	1	0	0	0	0	0	0	0.368530389	0.01839981	0.049560779	0.541666667	0.021842355
m239	all the president's men	1976	8	32717	0	0	0	0	0	0	0	1	0	0	0	1	0	0	0	0	0	0	0	0	1	0	0	0.148749233	0.178560467	0.020411295	0.540899325	0.111379681
m102	intolerable cruelty	2003	6.4	36739	0	0	0	0	1	1	0	0	0	0	0	0	0	0	0	0	1	0	0	0	0	0	0	0.223340138	0.08860698	0.084767182	0.537620297	0.065665403
m132	meet john doe	1941	7.7	4841	0	0	0	0	1	0	0	1	0	0	0	0	0	0	0	0	1	0	0	0	0	0	0	0.050619985	0.039192803	0.085290542	0.525261366	0.299635303
m256	barton fink	1991	7.8	33119	0	0	0	0	0	0	0	1	0	0	0	0	0	0	0	1	0	0	0	0	1	0	0	0.164733909	0.040003596	0.078973391	0.52436174	0.191927364
m563	the leopard man	1943	6.9	1518	0	0	0	0	0	0	0	1	0	0	0	0	1	0	0	1	0	0	0	0	1	0	0	0.128834843	0.055793991	0.194881577	0.523684629	0.096804959
m211	the day the earth stood still	2008	5.5	52489	0	0	0	0	0	0	0	1	0	0	0	0	0	0	0	0	0	1	0	0	1	0	0	0.086114632	0.280383045	0.095549923	0.514997888	0.022954513
m522	some like it hot	1959	8.4	68749	0	0	0	0	1	0	0	0	0	0	0	0	0	0	0	0	0	0	0	0	0	0	0	0.158764075	0.05684439	0.136175553	0.514550265	0.133665717
m413	kafka	1991	6.9	4467	0	0	0	0	1	0	0	1	0	0	0	0	0	0	0	1	0	1	0	0	1	0	0	0.043996077	0.232870954	0.19510999	0.512119938	0.01590304
m539	sunset blvd.	1950	8.7	55994	0	0	0	0	0	0	0	1	0	0	1	0	0	0	0	0	0	0	0	0	0	0	0	0.222222222	0.058551198	0.148511256	0.511619463	0.059095861
m435	meet joe black	1998	6.9	56839	0	0	0	0	0	0	0	1	0	1	0	0	0	0	0	1	1	0	0	0	0	0	0	0.225205536	0.062372082	0.129704791	0.500780518	0.081937073
m566	the pianist	2002	8.5	138080	0	0	0	1	0	0	0	1	0	0	0	0	0	0	0	0	0	0	0	0	0	1	0	0.082362082	0.092592593	0.297461797	0.482258482	0.045325045
m546	sweet smell of success	1957	8.2	9014	0	0	0	0	0	0	0	1	0	0	1	0	0	0	0	0	0	0	0	0	0	0	0	0.159927836	0.057571899	0.181152499	0.477395734	0.123952032
m355	fletch	1985	6.7	17336	0	0	0	0	1	1	0	0	0	0	0	0	0	0	0	1	0	0	0	0	0	0	0	0.187137115	0.122921939	0.037070121	0.475063272	0.177807553
m545	the sweet hereafter	1997	7.8	16463	0	0	0	0	0	0	0	1	0	0	0	0	0	0	0	0	0	0	0	0	0	0	0	0.26067443	0.066048035	0.099041727	0.468704512	0.105531295
m207	the majestic	2001	6.8	25057	0	0	0	0	0	0	0	1	0	0	0	0	0	0	0	0	1	0	0	0	0	0	0	0.16597949	0.08579131	0.134792261	0.466381224	0.147055714
m233	l'avventura	1960	7.9	6963	0	0	0	0	0	0	0	1	0	0	0	0	0	0	0	1	0	0	0	0	0	0	0	0.177203065	0.147372742	0.194923372	0.460385878	0.020114943
m485	mystery of the wax museum	1933	6.8	1740	0	0	0	0	0	0	0	0	0	0	0	0	1	0	0	1	0	0	0	0	1	0	0	0.181980057	0.06517094	0.194871795	0.459330484	0.098646724
m476	the ploughman's lunch	1983	6.8	154	0	0	0	0	0	0	0	1	0	0	0	0	0	0	0	0	0	0	0	0	0	0	0	0.268543956	0.07967033	0.172008547	0.455738706	0.024038462
m369	the godfather: part ii	1974	9	251290	0	0	0	0	0	1	0	1	0	0	0	0	0	0	0	0	0	0	0	0	1	0	0	0.074018025	0.067191283	0.225585149	0.451910143	0.1812954
m504	schindler's list	1993	8.9	282473	0	0	0	1	0	0	0	1	0	0	0	1	0	0	0	0	0	0	0	0	0	1	0	0.167273831	0.143897996	0.121129326	0.449908925	0.117789921
m103	it happened one night	1934	8.3	25577	0	0	0	0	1	0	0	0	0	0	0	0	0	0	0	0	1	0	0	0	0	0	0	0.102855938	0.05206028	0.185091509	0.44739523	0.212597042
m368	glengarry glen ross	1992	7.9	32882	0	0	0	0	0	0	0	1	0	0	0	0	0	0	0	0	0	0	0	0	0	0	0	0.056846775	0.035028473	0.024268309	0.441166733	0.44268971
m479	pretty woman	1990	6.7	61642	0	0	0	0	1	0	0	0	0	0	0	0	0	0	0	0	1	0	0	0	0	0	0	0.197005516	0.047491463	0.072077752	0.439978986	0.243446283
m471	philadelphia	1993	7.6	54221	0	0	0	0	0	0	0	1	0	0	0	0	0	0	0	0	0	0	0	0	0	0	0	0.25294686	0.173381643	0.080917874	0.435120773	0.05763285
m129	man on fire	2004	7.7	76517	1	0	0	0	0	1	0	1	0	0	0	0	0	0	0	0	0	0	0	0	1	0	0	0.129670874	0.178730512	0.115379856	0.432751794	0.143466964
m395	the hudsucker proxy	1994	7.4	32691	0	0	0	0	1	0	0	1	0	1	0	0	0	0	0	0	1	0	0	0	0	0	0	0.134636265	0.077391724	0.119495717	0.42622753	0.242248763
m483	maniac	1980	6.2	3382	0	0	0	0	0	0	0	1	0	0	0	0	1	0	0	0	0	0	0	0	1	0	0	0.122744539	0.08974359	0.208214625	0.418328585	0.160968661
m609	witness	1985	7.6	30705	0	0	0	0	0	0	0	1	0	0	0	0	0	0	0	0	1	0	0	0	1	0	0	0.175262055	0.055870021	0.138784067	0.416352201	0.213731656
m282	the bourne identity	2002	7.7	124918	1	1	0	0	0	0	0	0	0	0	0	0	0	0	0	1	0	0	0	0	1	0	0	0.196095076	0.196000755	0.05631013	0.413789851	0.137804188
m267	being john malkovich	1999	7.9	115008	0	0	0	0	1	0	0	1	0	1	0	0	0	0	0	0	1	0	0	0	0	0	0	0.263081009	0.09291722	0.180876494	0.408720673	0.054404604
m52	duck soup	1933	8.1	27112	0	0	0	0	1	0	0	0	0	0	0	0	0	0	1	0	0	0	0	0	0	0	0	0.036571335	0.074457594	0.315335306	0.408284024	0.165351742
m532	state and main	2000	6.8	13163	0	0	0	0	1	0	0	1	0	0	0	0	0	0	0	0	0	0	0	0	0	0	0	0.275440628	0.044212874	0.0893263	0.408079249	0.182940949
m416	kramer vs. kramer	1979	7.7	25836	0	0	0	0	0	0	0	1	0	0	0	0	0	0	0	0	0	0	0	0	0	0	0	0.37955324	0.040092633	0.056544604	0.40758431	0.116225213
m316	dave	1993	6.8	20807	0	0	0	0	1	0	0	0	0	0	0	0	0	0	0	0	1	0	0	0	0	0	0	0.217285875	0.135013423	0.076123668	0.394907768	0.176669265
m313	the curse of the cat people	1944	6.9	2067	0	0	0	0	0	0	0	1	0	1	0	0	1	0	0	0	0	0	0	0	0	0	0	0.175445816	0.022496571	0.39122085	0.385459534	0.025377229
m367	get carter	2000	4.8	14319	1	0	0	0	0	1	0	1	0	0	0	0	0	0	0	0	0	0	0	0	1	0	0	0.241187185	0.054001929	0.179363549	0.349191043	0.176256295
m285	broadcast news	1987	7.1	10559	0	0	0	0	1	0	0	1	0	0	0	0	0	0	0	0	1	0	0	0	0	0	0	0.386048988	0.121361377	0.074591764	0.348464679	0.069533191
m124	lost horizon	1937	7.8	5509	0	1	0	0	0	0	0	1	0	1	0	0	0	0	0	1	0	0	0	0	0	0	0	0.074397108	0.1054456	0.459726415	0.344627083	0.015803794
m165	rko 281	1999	7.1	3543	0	0	0	1	0	0	0	1	0	0	0	0	0	0	0	0	0	0	0	0	0	0	0	0.171288936	0.049107931	0.232291115	0.343814403	0.203497615
m519	smoke	1995	7.5	15482	0	0	0	0	1	0	0	1	0	0	0	0	0	0	0	0	0	0	0	0	0	0	0	0.240439276	0.046996124	0.114276486	0.343475452	0.254812661
m62	frances	1982	7.2	2756	0	0	0	1	0	0	0	1	0	0	0	0	0	0	0	0	0	0	0	0	0	0	0	0.266718913	0.054902473	0.168495298	0.341823406	0.168059909
m446	mrs brown	1997	7.2	5701	0	0	0	1	0	0	0	1	0	0	0	1	0	0	0	0	1	0	0	0	0	0	0	0.052	0.119185185	0.454518519	0.341407407	0.032888889
m561	le grand bleu	1988	7.4	18313	0	1	0	0	0	0	0	1	0	0	0	0	0	0	0	0	1	0	0	0	0	0	0	0.309159159	0.086786787	0.197522523	0.341366366	0.065165165
m553	the man who wasn't there	2001	7.7	41452	0	0	0	0	0	1	0	1	0	0	0	0	0	0	0	0	0	0	0	0	0	0	0	0.152459118	0.089038115	0.060436486	0.340235031	0.35783125
m83	hardcore	1979	6.7	2455	0	0	0	0	0	0	0	1	0	0	0	0	0	0	0	0	0	0	0	0	0	0	0	0.293654866	0.039165384	0.065845733	0.340174448	0.261159569
m283	brazil	1985	8	77350	0	0	0	0	0	0	0	1	0	1	0	0	0	0	0	0	0	1	0	0	0	0	0	0.117302377	0.413045882	0.089883914	0.334715312	0.045052515
m315	dark city	1998	7.8	64262	0	0	0	0	0	0	0	0	0	0	0	0	0	0	0	1	0	1	0	0	1	0	0	0.228001491	0.200037286	0.192766592	0.324944072	0.054250559
m615	young frankenstein	1974	8	57618	0	0	0	0	1	0	0	0	0	0	0	0	0	0	0	0	0	1	0	0	0	0	0	0.089412645	0.146726525	0.411672278	0.324504302	0.02768425
m581	traffic	2000	7.8	86662	0	0	0	0	0	1	0	1	0	0	0	0	0	0	0	0	0	0	0	0	1	0	0	0.19530303	0.208181818	0.067070707	0.321414141	0.208030303
m550	the game	1997	7.7	75861	0	0	0	0	0	0	0	1	0	0	0	0	0	0	0	1	0	0	0	0	1	0	0	0.347299622	0.108634331	0.058892329	0.318472652	0.166701066
m279	the bridges of madison county	1995	7.2	22252	0	0	0	0	0	0	0	1	0	0	0	0	0	0	0	0	1	0	0	0	0	0	0	0.386631859	0.056344156	0.165497362	0.318213956	0.073312667
m6	8mm	1999	6.3	48212	0	0	0	0	0	1	0	0	0	0	0	0	0	0	0	1	0	0	0	0	1	0	0	0.331399793	0.10292729	0.069877243	0.314537524	0.18125815
m203	the godfather	1972	9.2	419312	0	0	0	0	0	1	0	1	0	0	0	0	0	0	0	0	0	0	0	0	1	0	0	0.068942436	0.043746414	0.347293938	0.314448269	0.225568942
m101	the insider	1999	8	69660	0	0	0	1	0	0	0	1	0	0	0	0	0	0	0	0	0	0	0	0	1	0	0	0.163013535	0.343154869	0.036930571	0.313929812	0.142971214
m564	the lost son	1999	6.5	911	0	0	0	0	0	1	0	1	0	0	0	0	0	0	0	0	1	0	0	0	1	0	0	0.083475436	0.40820138	0.099012045	0.312139667	0.097171471
m384	heavenly creatures	1994	7.6	27211	0	0	0	0	0	1	0	1	0	1	0	0	0	0	0	0	0	0	0	0	1	0	0	0.197737486	0.047419805	0.3358128	0.304664497	0.114365411
m514	the shining	1980	8.5	182077	0	0	0	0	0	0	0	0	0	0	0	0	1	0	0	1	0	0	0	0	1	0	0	0.436202892	0.048625159	0.111860343	0.302165281	0.101146325
m390	hotel rwanda	2004	8.3	94404	0	1	0	0	0	0	0	1	0	0	0	1	0	0	0	0	0	0	0	0	1	1	0	0.070560124	0.141260805	0.397146672	0.299880526	0.091151873
m35	blast from the past	1999	6.4	23489	0	0	0	0	1	0	0	1	0	0	0	0	0	0	0	0	1	0	0	0	0	0	0	0.373768394	0.098955001	0.116272126	0.299552143	0.111452335
m594	vertigo	1958	8.6	93524	0	0	0	0	0	1	0	0	0	0	0	0	0	0	0	1	1	0	0	0	1	0	0	0.252792475	0.096884186	0.312815991	0.298059965	0.039447384
m250	assassins	1995	6	23681	1	0	0	0	0	1	0	0	0	0	0	0	0	0	0	0	0	0	0	0	1	0	0	0.248860399	0.178988604	0.047435897	0.293803419	0.230911681
m276	blow	2001	7.4	71334	0	0	0	1	0	1	0	1	0	0	0	0	0	0	0	0	0	0	0	0	0	0	0	0.179966195	0.049684192	0.054354595	0.293434748	0.42256027
m396	i walked with a zombie	1943	7.3	3420	0	0	0	0	0	0	0	0	0	0	0	0	1	0	0	0	0	0	0	0	0	0	0	0.084409426	0.039468885	0.571970526	0.289633034	0.014518129
m28	barry lyndon	1975	8.1	40622	0	0	0	0	0	0	0	1	0	0	0	0	0	0	0	0	1	0	0	0	0	1	0	0.02576287	0.06163522	0.609969718	0.288935476	0.013696716
m364	gandhi	1982	8.2	52160	0	0	0	1	0	0	0	1	0	0	0	1	0	0	0	0	0	0	0	0	0	0	0	0.056005138	0.122671805	0.491971741	0.288888889	0.040462428
m512	shallow grave	1994	7.4	21611	0	0	0	0	1	1	0	1	0	0	0	0	0	0	0	0	0	0	0	0	1	0	0	0.327467988	0.113341594	0.21346551	0.285419248	0.060305659
m175	sex lies and videotape	1989	7.1	18505	0	0	0	0	0	0	0	1	0	0	0	0	0	0	0	0	0	0	0	0	0	0	0	0.575742409	0.073990657	0.038580247	0.285285285	0.026401401
m370	gods and monsters	1998	7.5	16063	0	0	0	1	0	0	0	1	0	0	0	0	0	0	0	0	0	0	0	0	0	0	0	0.272988125	0.076987595	0.337659471	0.281772834	0.030591975
m144	napoleon	1995	5.5	486	0	1	0	0	0	0	0	0	1	0	0	0	0	0	0	0	0	0	0	0	0	0	0	0.028421871	0.16108453	0.521285732	0.279147753	0.010060115
m31	birthday girl	2001	6	13497	0	0	0	0	1	1	0	0	0	0	0	0	0	0	0	0	1	0	0	0	1	0	0	0.366319444	0.04153312	0.190705128	0.278979701	0.122462607
m481	the producers	1968	7.7	19432	0	0	0	0	1	0	0	0	0	0	0	0	0	0	0	0	0	0	0	0	0	0	0	0.108971616	0.070175439	0.392597347	0.277349879	0.15090572
m138	my mother dreams the satan's disciples in new york	1998	6.7	70	0	0	0	0	0	0	0	0	0	0	0	0	0	0	0	0	0	0	1	0	0	0	0	0.339016766	0.066211992	0.187553282	0.276499005	0.130718954
m146	nick of time	1995	6.2	15945	0	0	0	0	0	1	0	1	0	0	0	0	0	0	0	0	0	0	0	0	1	0	0	0.177014043	0.090909091	0.105075142	0.2754373	0.351564425
m114	l√©on	1994	8.6	204901	0	0	0	0	0	1	0	1	0	0	0	0	0	0	0	0	0	0	0	0	1	0	0	0.269574496	0.130585568	0.151127118	0.27184207	0.176870748
m562	the hebrew hammer	2003	6.2	2900	0	0	0	0	1	0	0	0	0	0	0	0	0	0	0	0	0	0	0	0	0	0	0	0.237624927	0.185185185	0.151440329	0.270899471	0.154850088
m33	black rain	1989	6.4	16249	1	0	0	0	0	1	0	1	0	0	0	0	0	0	0	0	0	0	0	0	1	0	0	0.090601758	0.125084517	0.101194501	0.270565698	0.412553527
m115	labor of love	1998	4.5	45	0	0	0	0	0	0	0	1	0	0	0	0	0	0	0	0	0	0	0	0	0	0	0	0.380250811	0.088748575	0.12645795	0.269665877	0.134876787
m604	white angel	1994	4.4	99	0	0	0	0	0	0	0	1	0	0	0	0	0	0	0	0	0	0	0	0	1	0	0	0.405661554	0.081057488	0.167851353	0.268861454	0.076568151
m381	hannibal	2001	6.4	75788	0	0	0	0	0	1	0	0	0	0	0	0	0	0	0	0	0	0	0	0	1	0	0	0.078537465	0.218287151	0.319779199	0.264360278	0.119035908
m574	titanic	1997	7.4	244771	0	0	0	0	0	0	0	1	0	0	0	1	0	0	0	0	1	0	0	0	0	0	0	0.139690872	0.146689997	0.298775153	0.260498688	0.15434529
m46	croupier	1998	7.2	9060	0	0	0	0	0	1	0	1	0	0	0	0	0	0	0	0	0	0	0	0	0	0	0	0.168437026	0.073090541	0.179986512	0.259821278	0.318664643
m223	true believer	1989	6.7	1801	0	0	0	0	0	1	0	1	0	0	0	0	0	0	0	0	0	0	0	0	0	0	0	0.087360376	0.357260435	0.054908877	0.258788948	0.241681364
m104	jfk	1991	8	60406	0	0	0	1	0	0	0	1	0	0	0	1	0	0	0	1	0	0	0	0	1	0	0	0.072262747	0.400769968	0.072115385	0.258252284	0.196599617
m449	"murderland"""""	2009	5.8	88	0	0	0	0	0	1	0	1	0	0	0	0	0	0	0	1	0	0	0	0	0	0	0	0.180091807	0.297176633	0.058479532	0.255549267	0.20870276
m3	2001: a space odyssey	1968	8.4	163227	0	1	0	0	0	0	0	0	0	0	0	0	0	0	0	1	0	1	0	0	0	0	0	0.134670173	0.515669516	0.074731536	0.253889985	0.02103879
m171	roughshod	1949	6.9	115	1	0	0	0	0	0	0	1	0	0	0	0	0	0	0	0	1	0	0	0	0	0	1	0.115076742	0.018653154	0.166409635	0.253139458	0.446721011
m335	entrapment	1999	6.1	41120	1	0	0	0	0	1	0	0	0	0	0	0	0	0	0	0	1	0	0	0	1	0	0	0.178777637	0.320025349	0.112378538	0.252710886	0.13610759
m235	a hard day's night	1964	7.6	15431	0	0	0	0	1	0	0	0	0	0	0	0	0	1	0	0	0	0	0	0	0	0	0	0.198651134	0.066012671	0.340827032	0.25240139	0.142107773
m150	nixon	1995	7.1	13878	0	0	0	1	0	0	0	1	0	0	0	0	0	0	0	0	0	0	0	0	0	0	0	0.102316149	0.319799338	0.132287331	0.247539759	0.198057423
m419	the silence of the lambs	1991	8.7	251237	0	0	0	0	0	1	0	0	0	0	0	0	0	0	0	0	0	0	0	0	1	0	0	0.157108478	0.420696545	0.122372066	0.24724152	0.052581392
m277	la battaglia di algeri	1966	8.2	14339	0	0	0	0	0	0	0	1	0	0	0	1	0	0	0	0	0	0	0	0	0	1	0	0.054442732	0.458140729	0.199965759	0.246019517	0.041431262
m331	election	1999	7.4	37868	0	0	0	0	1	0	0	1	0	0	0	0	0	0	0	0	0	0	0	0	0	0	0	0.522146292	0.079979752	0.085379229	0.244832532	0.067662195
m462	notting hill	1999	6.9	67217	0	0	0	0	1	0	0	0	0	0	0	0	0	0	0	0	1	0	0	0	0	0	0	0.467642276	0.071653117	0.180813008	0.244065041	0.035826558
m422	lock stock and two smoking barrels	1998	8.2	129117	0	0	0	0	0	1	0	0	0	0	0	0	0	0	0	0	0	0	0	0	1	0	0	0.089191723	0.085514457	0.15011897	0.243708991	0.431465859
m520	snow falling on cedars	1999	6.7	8483	0	0	0	0	0	0	0	1	0	0	0	0	0	0	0	1	1	0	0	0	1	0	0	0.057323991	0.406072739	0.149482816	0.241241241	0.145879213
m508	seven	1979	6.1	259	1	0	0	0	0	0	0	1	0	0	0	0	0	0	0	0	0	0	0	0	0	0	0	0.325543655	0.135778427	0.189170183	0.239911284	0.109596451
m469	peggy sue got married	1986	6.3	12574	0	0	0	0	1	0	0	1	0	1	0	0	0	0	0	0	1	0	0	0	0	0	0	0.51174668	0.061135702	0.113872811	0.235576741	0.077668066
m577	tomorrow never dies	1997	6.4	47198	1	1	0	0	0	0	0	0	0	0	0	0	0	0	0	0	0	0	0	0	1	0	0	0.103125713	0.478553502	0.147786904	0.235512206	0.035021675
m333	enemy of the state	1998	7.2	67504	1	0	0	0	0	0	0	1	0	0	0	0	0	0	0	0	0	0	0	0	1	0	0	0.205853384	0.293138221	0.030017354	0.23526101	0.235730031
m13	airplane!	1980	7.8	57692	0	0	0	0	1	0	0	0	0	0	0	0	0	0	0	0	1	0	0	0	0	0	0	0.245872849	0.294227842	0.134527573	0.234984194	0.090387542
m151	no country for old men	2007	8.3	202649	0	0	0	0	0	1	0	1	0	0	0	0	0	0	0	1	0	0	0	0	1	0	1	0.04929522	0.121269391	0.094416883	0.234506654	0.500511851
m596	viridiana	1961	8.2	6288	0	0	0	0	0	0	0	1	0	0	0	0	0	0	0	0	0	0	0	0	0	0	0	0.148838279	0.046353807	0.532551185	0.233839429	0.038417299
m401	isle of the dead	1945	6.6	1405	0	0	0	0	0	0	0	1	0	0	0	0	1	0	0	1	0	0	0	0	1	0	0	0.058261183	0.052308802	0.638798701	0.233766234	0.016865079
m79	the grifters	1990	7	11481	0	0	0	0	0	1	0	1	0	0	0	0	0	0	0	0	0	0	0	0	1	0	0	0.136321712	0.073418189	0.076554141	0.233105823	0.480600135
m16	amadeus	1984	8.4	99138	0	0	0	1	0	0	0	1	0	0	0	0	0	1	0	0	0	0	0	0	0	0	0	0.059601573	0.026583471	0.665074258	0.232946606	0.015794092
m353	five easy pieces	1970	7.5	11969	0	0	0	0	0	0	0	1	0	0	0	0	0	0	0	0	0	0	0	0	0	0	0	0.351912094	0.055591701	0.123545146	0.232848984	0.236102075
m173	serial mom	1994	6.4	11077	0	0	0	0	1	0	0	0	0	0	0	0	0	0	0	0	0	0	0	0	1	0	0	0.520945542	0.076999801	0.075004987	0.232794734	0.094254937
m453	nashville	1975	7.7	9315	0	0	0	0	0	0	0	1	0	0	0	0	0	1	0	0	0	0	0	0	0	0	0	0.436425121	0.050338164	0.155169082	0.232463768	0.125603865
m70	get shorty	1995	6.9	33588	0	0	0	0	1	1	0	0	0	0	0	0	0	0	0	0	0	0	0	0	1	0	0	0.218213989	0.058101325	0.024482721	0.231971978	0.467229986
m263	bean	1997	5.8	27131	0	0	0	0	1	0	0	0	1	0	0	0	0	0	0	0	0	0	0	0	0	0	0	0.335024371	0.126628867	0.195364568	0.23177161	0.111210584
m30	big fish	2003	8.1	144264	0	1	0	0	0	0	0	1	0	1	0	0	0	0	0	0	0	0	0	0	0	0	0	0.392141757	0.042715288	0.257062147	0.23172402	0.076356788
m559	the beach	2000	6.3	55734	0	1	0	0	0	0	0	1	0	0	0	0	0	0	0	0	1	0	0	0	1	0	0	0.189869281	0.25	0.135947712	0.231045752	0.193137255
m357	the french connection	1971	7.9	34062	1	0	0	0	0	1	0	0	0	0	0	0	0	0	0	0	0	0	0	0	1	0	0	0.099031339	0.098233618	0.128205128	0.22997151	0.444558405
m130	marty	1955	7.7	6379	0	0	0	0	0	0	0	1	0	0	0	0	0	0	0	0	1	0	0	0	0	0	0	0.143431234	0.007438758	0.110726348	0.229147963	0.509255697
m309	crime spree	2003	6.4	3129	1	0	0	0	1	1	0	0	0	0	0	0	0	0	0	0	0	0	0	0	0	0	0	0.143387034	0.113491668	0.066932403	0.227149421	0.449039473
m301	a clockwork orange	1971	8.5	197372	0	0	0	0	0	1	0	1	0	0	0	0	0	0	0	0	0	1	0	0	0	0	0	0.1184573	0.090074297	0.493989482	0.227022289	0.070456632
m14	alien nation	1988	6.1	5590	0	0	0	0	0	1	0	1	0	0	0	0	0	0	0	0	0	1	0	0	1	0	0	0.111426992	0.304114349	0.076364211	0.226960436	0.281134012
m376	the horse whisperer	1998	6.4	15953	0	0	0	0	0	0	0	1	0	0	0	0	0	0	0	0	1	0	0	0	0	0	1	0.450924114	0.024135682	0.194694499	0.226136117	0.104109589
m286	a bucket of blood	1959	6.8	1892	0	0	0	0	1	0	0	0	0	0	0	0	1	0	0	0	0	0	0	0	0	0	0	0.220055469	0.065782631	0.096117178	0.225255677	0.392789045
m141	mumford	1999	6.8	6333	0	0	0	0	1	0	0	1	0	0	0	0	0	0	0	0	0	0	0	0	0	0	0	0.485285285	0.101973402	0.082496782	0.225010725	0.105233805
m557	the cell	2000	6.2	37417	0	0	0	0	0	0	0	1	0	1	0	0	1	0	0	0	0	1	0	0	1	0	0	0.238475886	0.280442313	0.174127365	0.222755129	0.084199307
m492	who framed roger rabbit	1988	7.6	54375	1	1	1	0	1	1	0	0	1	1	0	0	0	0	0	1	0	0	0	0	0	0	0	0.098875209	0.05623955	0.066119471	0.222754218	0.556011552
m599	wall street	1987	7.3	39082	0	0	0	0	0	1	0	1	0	0	0	0	0	0	0	0	0	0	0	0	0	0	0	0.136910175	0.117611397	0.101276481	0.222289583	0.421912364
m398	insomnia	2002	7.3	69635	0	0	0	0	0	1	0	1	0	0	0	0	0	0	0	1	0	0	0	0	1	0	0	0.32987988	0.145045045	0.087087087	0.221921922	0.216066066
m116	leaving las vegas	1995	7.6	42919	0	0	0	0	0	0	0	1	0	0	0	0	0	0	0	0	1	0	0	0	0	0	0	0.406122886	0.043245558	0.139905802	0.220723614	0.190002141
m425	lost in translation	2003	7.9	132645	0	0	0	0	0	0	0	1	0	0	0	0	0	0	0	0	1	0	0	0	0	0	0	0.523128938	0.053019825	0.09435992	0.220224374	0.109266943
m585	true lies	1994	7.2	81801	1	0	0	0	0	0	0	0	0	0	0	0	0	0	0	0	0	0	0	0	1	0	0	0.410282123	0.16619869	0.056892633	0.219681776	0.146944779
m548	taking sides	2001	7.2	1950	0	0	0	0	0	0	0	1	0	0	0	0	0	1	0	0	0	0	0	0	0	1	0	0.080212099	0.122101711	0.531983611	0.219522777	0.046179802
m513	shampoo	1975	6.2	4406	0	0	0	0	0	0	0	1	0	0	0	0	0	0	0	0	1	0	0	0	0	0	0	0.490385057	0.02023957	0.030611777	0.217816329	0.240947267
m190	stalag 17	1953	8.2	21182	0	0	0	0	0	0	0	1	0	0	0	0	0	0	0	0	0	0	0	0	0	1	0	0.061474757	0.177576047	0.336465467	0.215639433	0.208844296
m262	batman	1989	7.6	112731	1	1	0	0	0	1	0	1	0	0	0	0	0	0	0	0	0	0	0	0	1	0	0	0.198328417	0.148967552	0.206882989	0.214749263	0.23107178
m510	seven days to live	2000	5.2	1150	0	0	0	0	0	0	0	1	0	0	0	0	1	0	0	0	0	0	0	0	1	0	0	0.340583651	0.136668479	0.204458945	0.214246873	0.104042052
m607	wild wild west	1999	4.3	54943	1	0	0	0	1	0	0	0	0	0	0	0	0	0	0	0	0	1	0	0	0	0	1	0.077935756	0.380902229	0.227926979	0.213445673	0.099789363
m552	the limey	1999	7	15465	0	0	0	0	0	1	0	1	0	0	0	0	0	0	0	1	0	0	0	0	1	0	0	0.18385441	0.100741432	0.145279204	0.212526572	0.357598382
m181	simone	2010	8.3	9	0	0	0	0	0	0	0	1	0	0	0	0	1	0	0	0	0	0	1	0	1	0	0	0.530575381	0.142479514	0.09542691	0.212485682	0.019032514
m199	starman	1984	6.9	14204	0	1	0	0	0	0	0	1	0	0	0	0	0	0	0	0	1	1	0	0	0	0	0	0.117253278	0.297308489	0.152035887	0.211939268	0.221463078
m89	highlander	1986	7.2	41243	1	0	0	0	0	0	0	0	0	1	0	0	0	0	0	0	0	0	0	0	0	0	0	0.130859267	0.140123149	0.441948189	0.210295668	0.076773728
m2	15 minutes	2001	6.1	25854	1	0	0	0	0	1	0	1	0	0	0	0	0	0	0	0	0	0	0	0	1	0	0	0.275755413	0.099928622	0.062146086	0.20847014	0.353699738
m375	grosse pointe blank	1997	7.4	41877	0	0	0	0	1	1	0	0	0	0	0	0	0	0	0	0	1	0	0	0	1	0	0	0.394324068	0.113810462	0.121981469	0.207995914	0.161888086
m336	erin brockovich	2000	7.2	55641	0	0	0	1	0	0	0	1	0	0	0	0	0	0	0	0	1	0	0	0	0	0	0	0.239621394	0.104917006	0.020844208	0.207293733	0.427323659
m251	asylum	2005	6.1	2395	0	0	0	0	0	0	0	1	0	0	0	0	0	0	0	0	1	0	0	0	1	0	0	0.365438674	0.161858263	0.112491986	0.205355822	0.154855255
m23	the avengers	1998	3.4	21519	1	1	0	0	0	0	0	0	0	0	0	0	0	0	0	0	0	0	0	0	1	0	0	0.120898814	0.288599393	0.36965812	0.2036118	0.017231872
m464	only you	1994	6.2	6620	0	0	0	0	1	0	0	0	0	0	0	0	0	0	0	0	1	0	0	0	0	0	0	0.409711684	0.063845332	0.139099646	0.203563199	0.183780138
m180	silverado	1985	7	14355	1	0	0	0	0	0	0	0	0	0	0	0	0	0	0	0	0	0	0	0	0	0	1	0.121718806	0.041531823	0.161992089	0.202894642	0.471862639
m366	the getaway	1972	7.5	10151	1	1	0	0	0	1	0	0	0	0	0	0	0	0	0	0	0	0	0	0	1	0	0	0.122222222	0.120601852	0.06412037	0.201273148	0.491782407
m24	bachelor party	1984	5.9	14050	0	0	0	0	1	0	0	0	0	0	0	0	0	0	0	0	1	0	0	0	0	0	0	0.492416226	0.037742504	0.084232804	0.196895944	0.188712522
m363	game 6	2005	6	1414	0	0	0	0	1	0	0	1	0	0	0	0	0	0	0	0	0	0	0	1	0	0	0	0.423318082	0.099587641	0.167485737	0.196011975	0.113596566
m442	mission: impossible ii	2000	5.7	86452	1	1	0	0	0	0	0	0	0	0	0	0	0	0	0	0	0	0	0	0	1	0	0	0.094234268	0.53968254	0.070142418	0.195558065	0.100382709
m499	sleepless in seattle	1993	6.6	44179	0	0	0	0	1	0	0	1	0	0	0	0	0	0	0	0	1	0	0	0	0	0	0	0.60077456	0.04941908	0.109147439	0.195112638	0.045546283
m95	i am legend	2007	7.1	156084	0	0	0	0	0	0	0	1	0	0	0	0	0	0	0	0	0	1	0	0	1	0	0	0.174743025	0.185022026	0.311796378	0.194811552	0.133627019
m386	hero	1992	6.3	10573	0	0	0	0	1	0	0	1	0	0	0	0	0	0	0	0	0	0	0	0	0	0	0	0.194781826	0.096916079	0.043334833	0.194381966	0.470585295
m96	invaders from mars	1953	6.4	2115	0	0	0	0	0	0	0	0	0	0	0	0	1	0	0	0	0	1	0	0	0	0	0	0.381381381	0.141355641	0.19004719	0.193050193	0.094165594
m431	manhunter	1986	7.2	21649	0	0	0	0	0	1	0	0	0	0	0	0	0	0	0	0	0	0	0	0	1	0	0	0.384017957	0.222312009	0.101144781	0.192008979	0.100516274
m87	hellraiser	1987	7	22922	0	0	0	0	0	0	0	0	0	0	0	0	1	0	0	0	0	0	0	0	0	0	0	0.428571429	0.04358574	0.2490242	0.190346084	0.088472547
m387	hider in the house	1989	5.6	394	0	0	0	0	0	0	0	0	0	0	0	0	0	0	0	0	0	0	0	0	1	0	0	0.505999343	0.094674556	0.108316897	0.189924392	0.101084813
m69	george washington	2000	7.5	3142	0	0	0	0	0	0	0	1	0	0	0	0	0	0	0	0	0	0	0	0	0	0	0	0.031938998	0.146405229	0.612636166	0.189716776	0.019302832
m503	say anything...	1989	7.5	25220	0	0	0	0	1	0	0	1	0	0	0	0	0	0	0	0	1	0	0	0	0	0	0	0.554335091	0.043009178	0.081819957	0.189123218	0.131712556
m242	anastasia	1997	6.6	16844	0	1	1	0	0	0	0	1	1	0	0	0	0	0	1	0	0	0	0	0	0	0	0	0.148886121	0.063788571	0.531755915	0.188736682	0.066832711
m414	king kong	2005	7.6	134187	0	1	0	0	0	0	0	1	0	0	0	0	0	0	0	0	1	0	0	0	0	0	0	0.097101449	0.216586151	0.336231884	0.187761675	0.162318841
m567	the piano	1993	7.5	28525	0	0	0	0	0	0	0	1	0	0	0	0	0	0	0	0	1	0	0	0	0	0	0	0.097924773	0.066796368	0.571984436	0.186770428	0.076523995
m209	the body snatcher	1945	7.4	2927	0	0	0	0	0	0	0	1	0	0	0	0	1	0	0	0	0	0	0	0	1	0	0	0.057320442	0.044429098	0.69252609	0.186617557	0.019106814
m123	lost highway	1997	7.6	42998	0	0	0	0	0	0	0	1	0	0	0	0	1	0	0	1	0	0	0	0	1	0	0	0.278514589	0.064839375	0.050397878	0.186364083	0.419884075
m342	the fabulous baker boys	1989	6.7	9433	0	0	0	0	0	0	0	1	0	0	0	0	0	1	0	0	1	0	0	0	0	0	0	0.336666667	0.01532567	0.097279693	0.186360153	0.364367816
m602	what women want	2000	6.3	55269	0	0	0	0	1	0	0	0	0	1	0	0	0	0	0	0	1	0	0	0	0	0	0	0.205128205	0.167521368	0.225641026	0.186324786	0.215384615
m323	die hard	1988	8.3	185430	1	0	0	0	0	1	0	0	0	0	0	0	0	0	0	0	0	0	0	0	1	0	0	0.188480726	0.194648526	0.067755102	0.185941043	0.363174603
m598	wag the dog	1997	7.1	36448	0	0	0	0	1	0	0	1	0	0	0	0	0	0	0	0	0	0	0	0	0	0	0	0.091960082	0.300829292	0.118666104	0.185782557	0.302761965
m329	ed wood	1994	8.1	75704	0	0	0	1	1	0	0	1	0	0	0	0	0	0	0	0	0	0	0	0	0	0	0	0.446251694	0.055711952	0.111458659	0.185521148	0.201056546
m254	badlands	1973	7.9	16753	0	0	0	0	0	1	0	1	0	0	0	0	0	0	0	0	1	0	0	0	1	0	0	0.289645683	0.062779498	0.082043344	0.184726522	0.380804954
m85	hellbound: hellraiser ii	1988	6.2	11273	0	0	0	0	0	0	0	1	0	0	0	0	1	0	0	0	0	0	0	0	1	0	0	0.30809674	0.096039257	0.255169996	0.184717841	0.155976165
m494	ronin	1998	7.2	58201	1	0	0	0	0	1	0	0	0	0	0	0	0	0	0	0	0	0	0	0	1	0	0	0.091410972	0.291434217	0.087052534	0.183926081	0.346176197
m365	gattaca	1997	7.8	72063	0	0	0	0	0	0	0	1	0	0	0	0	0	0	0	0	1	1	0	0	1	0	0	0.220020325	0.366192412	0.170477642	0.183180894	0.060128726
m452	my best friend's wedding	1997	6.2	37682	0	0	0	0	1	0	0	0	0	0	0	0	0	0	0	0	1	0	0	0	0	0	0	0.449106951	0.07208952	0.171078115	0.182770246	0.124955168
m544	superman	1978	7.3	51172	1	0	0	0	0	0	0	0	1	0	0	0	0	0	0	0	0	1	0	0	0	0	0	0.187456622	0.364060824	0.164616064	0.182598271	0.101268219
m20	american psycho	2000	7.4	101357	0	0	0	0	0	0	0	1	0	0	0	0	0	0	0	0	0	0	0	0	1	0	0	0.588315718	0.069253826	0.069569333	0.182205395	0.090655729
m117	legally blonde	2001	6.2	44558	0	0	0	0	1	0	0	0	0	0	0	0	0	0	0	0	0	0	0	0	0	0	0	0.529868219	0.104488595	0.082012175	0.181283029	0.102347983
m60	fear and loathing in las vegas	1998	7.6	82748	0	0	0	0	0	0	0	1	0	1	0	0	0	0	0	0	0	0	0	0	0	0	0	0.136279286	0.158779865	0.183020181	0.180700534	0.341220135
m417	kundun	1997	7.1	10378	0	0	0	1	0	0	0	1	0	0	0	1	0	0	0	0	0	0	0	0	0	1	0	0.037319763	0.156347187	0.593817736	0.179813401	0.032701913
m436	memento	2000	8.7	281027	0	0	0	0	0	1	0	1	0	0	0	0	0	0	0	1	0	0	0	0	1	0	0	0.31840796	0.073963516	0.061442786	0.179436153	0.366749585
m218	thirteen days	2000	7.3	23732	0	0	0	0	0	0	0	1	0	0	0	1	0	0	0	0	0	0	0	0	1	0	0	0.072282773	0.544050863	0.061005147	0.179231002	0.143430215
m500	salt of the earth	1954	7.6	1085	0	0	0	0	0	0	0	1	0	0	0	1	0	0	0	0	0	0	0	0	0	0	0	0.094888889	0.102111111	0.347111111	0.178666667	0.277222222
m11	air force one	1997	6.3	61978	1	0	0	0	0	0	0	1	0	0	0	0	0	0	0	0	0	0	0	0	1	0	0	0.114241002	0.49196936	0.120418417	0.177909563	0.095461659
m334	the english patient	1996	7.3	55247	0	0	0	0	0	0	0	1	0	0	0	0	0	0	0	0	1	0	0	0	0	1	0	0.108564275	0.090909091	0.585642752	0.177674178	0.037209704
m307	crash	2004	8	174003	0	0	0	0	0	1	0	1	0	0	0	0	0	0	0	0	0	0	0	0	0	0	0	0.291133239	0.258100205	0.112217481	0.176386913	0.162162162
m448	mulholland dr.	2001	8	105859	0	0	0	0	0	0	0	1	0	0	0	0	0	0	0	1	0	0	0	0	1	0	0	0.408926876	0.050332384	0.047863248	0.176163343	0.31671415
m443	mission: impossible	1996	6.9	87677	1	1	0	0	0	0	0	0	0	0	0	0	0	0	0	0	0	0	0	0	1	0	0	0.093344438	0.467346797	0.062391561	0.176070511	0.200846693
m258	basquiat	1996	6.7	8016	0	0	0	1	0	0	0	1	0	0	0	0	0	0	0	0	0	0	0	0	0	0	0	0.418356121	0.045261669	0.10018859	0.175624705	0.260568914
m270	the black dahlia	2006	5.6	35706	0	0	0	0	0	1	0	1	0	0	0	1	0	0	0	1	0	0	0	0	1	0	0	0.181405896	0.151927438	0.132653061	0.174603175	0.359410431
m84	harold and maude	1971	8.1	28689	0	0	0	0	1	0	0	0	0	0	0	0	0	0	0	0	1	0	0	0	0	0	0	0.168972967	0.161732936	0.444794768	0.174402989	0.050096339
m356	the adventures of ford fairlane	1990	5.6	9051	1	1	0	0	1	0	0	0	0	0	0	0	0	1	0	0	0	0	0	0	0	0	0	0.409178985	0.077118972	0.086807286	0.173780657	0.253114101
m205	taxi driver	1976	8.6	159525	0	0	0	0	0	0	0	1	0	0	0	0	0	0	0	0	0	0	0	0	1	0	0	0.157447841	0.114750121	0.054827754	0.173520136	0.499454148
m592	the usual suspects	1995	8.7	272137	0	0	0	0	0	1	0	0	0	0	0	0	0	0	0	1	0	0	0	0	1	0	0	0.064435202	0.43520169	0.056314782	0.172179309	0.271869017
m230	wonder boys	2000	7.5	31853	0	0	0	0	1	0	0	1	0	0	0	0	0	0	0	0	0	0	0	0	0	0	0	0.593843268	0.054830732	0.068559734	0.172124158	0.110642108
m580	the magic toyshop	1987	6.2	90	0	0	0	0	0	0	0	0	0	1	0	0	0	0	0	0	0	0	0	0	0	0	0	0.264660494	0.078317901	0.40162037	0.172067901	0.083333333
m498	runaway bride	1999	5.2	28793	0	0	0	0	1	0	0	0	0	0	0	0	0	0	0	0	1	0	0	0	0	0	0	0.473060861	0.115218731	0.133223797	0.171903882	0.10659273
m332	l.a. confidential	1997	8.4	168009	0	0	0	0	0	1	0	1	0	0	0	0	0	0	0	1	0	0	0	0	1	0	0	0.156741619	0.309241413	0.077258875	0.171155589	0.285602504
m441	misery	1990	7.8	41563	0	0	0	0	0	0	0	0	0	0	0	0	0	0	0	0	0	0	0	0	1	0	0	0.485096296	0.041955556	0.21837037	0.171140741	0.083437037
m291	cellular	2004	6.5	32920	1	0	0	0	0	1	0	0	0	0	0	0	0	0	0	0	0	0	0	0	1	0	0	0.250447054	0.162244454	0.070852061	0.170847228	0.345609202
m362	friday the 13th part viii: jason takes manhattan	1989	3.9	10288	0	0	0	0	0	0	0	0	0	0	0	0	1	0	0	0	0	0	0	0	0	0	0	0.234724176	0.375839975	0.135021097	0.170807939	0.083606814
m249	as good as it gets	1997	7.8	93201	0	0	0	0	1	0	0	1	0	0	0	0	0	0	0	0	1	0	0	0	0	0	0	0.547041499	0.07437751	0.080535475	0.170709505	0.127336011
m515	silver bullet	1985	5.9	6498	0	1	0	0	0	0	0	1	0	0	0	0	1	0	0	1	0	0	0	0	1	0	0	0.270854441	0.054711246	0.227288078	0.170043904	0.27710233
m459	the nightmare before christmas	1993	8	81753	0	0	1	0	0	0	0	0	1	1	0	0	0	0	1	0	0	0	0	0	0	0	0	0.246456333	0.14266118	0.330589849	0.169638775	0.110653864
m590	unbreakable	2000	7.3	98767	0	0	0	0	0	0	0	1	0	1	0	0	0	0	0	1	0	0	0	0	1	0	0	0.397802444	0.193743693	0.163695482	0.169637852	0.075120529
m456	the negotiator	1998	7.2	46983	1	0	0	0	0	1	0	1	0	0	0	0	0	0	0	1	0	0	0	0	1	0	0	0.179337232	0.159844055	0.141650422	0.169590643	0.349577648
m100	innerspace	1987	6.5	16854	1	1	0	0	1	1	0	0	0	0	0	0	0	0	0	0	0	1	0	0	0	0	0	0.287320261	0.266339869	0.06379085	0.169084967	0.213464052
m541	superman iii	1983	4.7	18340	1	1	0	0	1	0	0	0	0	1	0	0	0	0	0	0	0	1	0	0	0	0	0	0.199489909	0.251219783	0.074351297	0.168939898	0.305999113
m308	crazy love	2007	7	944	0	0	0	0	0	0	1	0	0	0	0	0	0	0	0	0	0	0	0	0	0	0	0	0.593195802	0.096489323	0.119363011	0.166702859	0.024249005
m164	quills	2000	7.3	22657	0	0	0	1	0	0	0	1	0	0	0	1	0	0	0	0	1	0	0	0	0	0	0	0.066703017	0.115776081	0.622440325	0.166545499	0.028535078
m465	on the waterfront	1954	8.4	42010	0	0	0	0	0	1	0	1	0	0	0	0	0	0	0	0	1	0	0	0	0	0	0	0.081625166	0.037786032	0.152198835	0.165955886	0.562434081
m91	hope and glory	1987	7.4	4965	0	0	0	0	0	0	0	1	0	0	0	0	0	0	0	0	0	0	0	0	0	1	0	0.209643606	0.110455975	0.432914046	0.165225367	0.081761006
m543	superman iv: the quest for peace	1987	3.4	15332	1	1	0	0	0	0	0	0	1	1	0	0	0	0	0	0	0	1	0	0	0	0	0	0.202573309	0.345002992	0.224615998	0.164971075	0.062836625
m412	freddy vs. jason	2003	5.8	39850	0	0	0	0	0	0	0	0	0	0	0	0	1	0	0	0	0	0	0	0	1	0	0	0.327910686	0.364486975	0.079000532	0.16374269	0.064859117
m535	stranglehold	2007	8.6	907	1	1	0	0	0	1	0	0	0	0	0	0	0	0	0	0	0	0	0	0	0	0	0	0.09201673	0.465357338	0.077650482	0.163666121	0.201309329
m289	casino	1995	8.1	111223	0	0	0	1	0	1	0	1	0	0	0	0	0	0	0	0	0	0	0	0	0	0	0	0.096152627	0.030445163	0.020768629	0.163634827	0.688998753
m424	lord of illusions	1995	5.6	5031	0	0	0	0	0	0	0	0	0	1	0	0	1	0	0	1	0	0	0	0	1	0	0	0.244188337	0.045409771	0.369089835	0.162529551	0.178782506
m119	life as a house	2001	7.5	19468	0	0	0	0	0	0	0	1	0	0	0	0	0	0	0	0	1	0	0	0	0	0	0	0.584322011	0.067338426	0.061541795	0.161980606	0.124817162
m157	the patriot	2000	6.9	79207	1	0	0	0	0	0	0	1	0	0	0	0	0	0	0	0	0	0	0	0	0	1	0	0.038947901	0.192126117	0.578485921	0.161861406	0.028578655
m152	nurse betty	2000	6.4	20473	0	0	0	0	1	1	0	0	0	0	0	0	0	0	0	0	1	0	0	0	1	0	0	0.468761485	0.054116134	0.088723509	0.160204582	0.228194291
m380	hannah and her sisters	1986	7.9	21088	0	0	0	0	1	0	0	1	0	0	0	0	0	0	0	0	1	0	0	0	0	0	0	0.606910347	0.037497727	0.076013821	0.159810875	0.11976723
m555	the truman show	1998	8	160825	0	0	0	0	0	0	0	1	0	0	0	0	0	0	0	0	0	0	0	0	0	0	0	0.3271451	0.318555463	0.127920938	0.159416274	0.066962224
m105	jackie brown	1997	7.6	85496	0	0	0	0	0	1	0	1	0	0	0	0	0	0	0	0	0	0	0	0	1	0	0	0.075278173	0.061699098	0.026472605	0.159152033	0.677398091
m407	jennifer eight	1992	6.2	6224	0	0	0	0	0	0	0	0	0	0	0	0	0	0	0	1	0	0	0	0	1	0	0	0.248104715	0.106846719	0.096659559	0.158967069	0.389421938
m542	superman ii	1980	6.7	29941	1	1	0	0	0	0	0	0	0	1	0	0	0	0	0	0	1	1	0	0	0	0	0	0.198277494	0.370433466	0.196763203	0.156350558	0.078175279
m614	x-men	2000	7.4	122149	1	0	0	0	0	0	0	0	0	0	0	0	0	0	0	0	0	1	0	0	0	0	0	0.122833086	0.490341753	0.158329206	0.156348027	0.072147928
m182	the sixth sense	1999	8.2	244162	0	0	0	0	0	0	0	1	0	0	0	0	0	0	0	1	0	0	0	0	1	0	0	0.523834019	0.036865569	0.173182442	0.156207133	0.109910837
m582	trainspotting	1996	8.2	153782	0	0	0	0	0	1	0	1	0	0	0	0	0	0	0	0	0	0	0	0	0	0	0	0.335946721	0.096273816	0.134884505	0.156128815	0.276766144
m257	basic instinct	1992	6.9	57615	0	0	0	0	0	0	0	0	0	0	0	0	0	0	0	1	1	0	0	0	1	0	0	0.406760375	0.097255689	0.036813922	0.154551539	0.304618474
m131	mash	1970	7.8	29358	0	0	0	0	1	0	0	1	0	0	0	0	0	0	0	0	0	0	0	0	0	1	0	0.167247965	0.26980568	0.240367049	0.154168743	0.168410563
m616	zulu dawn	1979	6.4	1911	1	1	0	0	0	0	0	1	0	0	0	1	0	0	0	0	0	0	0	0	0	1	0	0.060140237	0.369471413	0.340884574	0.15399137	0.075512406
m76	gladiator	2000	8.4	286067	1	1	0	0	0	0	0	1	0	0	0	0	0	0	0	0	0	0	0	0	0	0	0	0.062665344	0.088569224	0.667328042	0.153108466	0.028328924
m406	the jazz singer	1927	6.8	3252	0	0	0	0	0	0	0	1	0	0	0	0	0	1	0	0	1	0	0	0	0	0	0	0.13487072	0.099231307	0.180293501	0.153039832	0.43256464
m397	the ice storm	1997	7.5	27724	0	0	0	0	0	0	0	1	0	0	0	0	0	0	0	0	0	0	0	0	0	0	0	0.539462503	0.08391757	0.132143616	0.152751222	0.09172509
m17	an american werewolf in london	1981	7.5	24443	0	0	0	0	0	0	0	0	0	0	0	0	1	0	0	0	1	0	0	0	0	0	0	0.256858508	0.07771885	0.467426177	0.151443724	0.04655274
m600	waxwork	1988	6	2596	0	0	0	0	1	0	0	0	0	1	0	0	1	0	0	0	0	0	0	0	0	0	0	0.290183387	0.124271845	0.334412082	0.151024811	0.100107875
m385	hellraiser: hellseeker	2002	4.9	3400	0	0	0	0	0	0	0	0	0	0	0	0	1	0	0	1	0	0	0	0	1	0	0	0.481218807	0.1273969	0.130373873	0.14981175	0.111198669
m231	the woodsman	2004	7.4	16090	0	0	0	0	0	0	0	1	0	0	0	0	0	0	0	0	0	0	0	0	0	0	0	0.46104558	0.03713412	0.20176205	0.149774283	0.150283967
m578	to sleep with anger	1990	6.8	490	0	0	0	0	0	0	0	1	0	0	0	0	0	0	0	0	0	0	0	0	0	0	0	0.181881777	0.026932494	0.436224787	0.149119739	0.205841203
m224	twin peaks: fire walk with me	1992	7	21274	0	0	0	0	0	0	0	1	0	0	0	0	1	0	0	1	0	0	0	0	1	0	0	0.492095985	0.09359718	0.065108609	0.149039008	0.200159218
m318	dead poets society	1989	7.8	90842	0	0	0	0	0	0	0	1	0	0	0	0	0	0	0	0	0	0	0	0	0	0	0	0.29901003	0.061026443	0.398853719	0.148886284	0.092223525
m162	pleasantville	1998	7.5	49669	0	0	0	0	1	0	0	1	0	1	0	0	0	0	0	0	0	0	0	0	0	0	0	0.54326988	0.04691508	0.058593223	0.148508168	0.202713649
m168	rebel without a cause	1955	7.9	27791	0	0	0	0	0	0	0	1	0	0	0	0	0	0	0	0	1	0	0	0	0	0	0	0.507673012	0.045816733	0.130957651	0.148443264	0.16710934
m48	dark angel	1990	5.3	3452	1	0	0	0	0	1	0	1	0	0	0	0	1	0	0	0	0	1	0	0	1	0	0	0.267103008	0.159939743	0.086125396	0.148148148	0.338683705
m297	nuovo cinema paradiso	1988	8.5	46801	0	0	0	0	1	0	0	1	0	0	0	0	0	0	0	0	1	0	0	0	0	0	0	0.274274274	0.065965966	0.425625626	0.148148148	0.085985986
m234	agnes of god	1985	6.5	3490	0	0	0	0	0	0	0	1	0	0	0	0	0	0	0	1	0	0	0	0	1	0	0	0.299671593	0.031253421	0.48877942	0.147947455	0.032348112
m75	ghostbusters	1986	6.9	237	0	0	1	0	1	0	0	0	0	1	0	0	1	0	0	0	0	1	0	0	0	0	0	0.39440809	0.29777249	0.083680349	0.147134642	0.077004429
m73	the ghost and the darkness	1996	6.6	19954	0	1	0	0	0	0	0	1	0	0	0	0	0	0	0	0	0	0	0	0	1	0	0	0.084498208	0.197043011	0.531630824	0.146684588	0.040143369
m437	miami vice	2006	6	52448	1	0	0	0	0	1	0	1	0	0	0	0	0	0	0	0	0	0	0	0	1	0	0	0.072350006	0.38876719	0.068455641	0.145004259	0.325422904
m261	batman forever	1995	5.4	77223	1	0	0	0	0	1	0	0	0	1	0	0	0	0	0	0	0	0	0	0	1	0	0	0.244836313	0.159931423	0.368030043	0.144175035	0.083027186
m438	midnight cowboy	1969	8	34405	0	0	0	0	0	0	0	1	0	0	0	0	0	0	0	0	0	0	0	0	0	0	0	0.086377473	0.08533105	0.133276256	0.143455099	0.551560122
m388	highlander iii: the sorcerer	1994	3.9	7831	1	0	0	0	0	0	0	0	0	1	0	0	0	0	0	0	0	1	0	0	0	0	0	0.232331664	0.166852161	0.372008904	0.14329438	0.085512892
m321	demolition man	1993	6.3	46318	1	0	0	0	0	1	0	0	0	0	0	0	0	0	0	0	0	1	0	0	0	0	0	0.136020672	0.311317829	0.090232558	0.143255814	0.319173127
m497	rush hour	1998	6.8	56376	1	0	0	0	1	1	0	0	0	0	0	0	0	0	0	0	0	0	0	0	1	0	0	0.115384615	0.223429952	0.068097362	0.142976589	0.450111483
m39	the bourne supremacy	2004	7.6	106349	1	1	0	0	0	0	0	0	0	0	0	0	0	0	0	1	0	0	0	0	1	0	0	0.15510878	0.457167832	0.097707848	0.142288267	0.147727273
m5	the fifth element	1997	7.5	133756	1	1	0	0	0	0	0	0	0	0	0	0	0	0	0	0	1	1	0	0	1	0	0	0.157711443	0.29668325	0.311359867	0.141956882	0.092288557
m97	independence day	1996	6.6	151698	1	1	0	0	0	0	0	0	0	0	0	0	0	0	0	0	0	1	0	0	1	0	0	0.173309714	0.463733884	0.09930125	0.14181675	0.121838402
m43	cast away	2000	7.5	104477	0	1	0	0	0	0	0	1	0	0	0	0	0	0	0	0	0	0	0	0	0	0	0	0.284330484	0.213010446	0.14017094	0.141405508	0.221082621
m82	happy birthday wanda june	1971	5.8	144	0	0	0	0	1	0	0	1	0	0	0	0	0	0	0	0	0	0	0	0	0	0	0	0.242840518	0.090796397	0.456638332	0.141140457	0.068584295
m170	reservoir dogs	1992	8.4	217185	0	0	0	0	0	1	0	0	0	0	0	0	0	0	0	1	0	0	0	0	1	0	0	0.101574479	0.04222297	0.047533565	0.140431579	0.668237406
m344	the family man	2000	6.6	34509	0	0	0	0	1	0	0	1	0	1	0	0	0	0	0	0	1	0	0	0	0	0	0	0.239844562	0.336134833	0.04274547	0.140300935	0.240974199
m259	batman returns	1992	6.9	79770	1	0	1	0	0	1	0	0	0	1	0	0	0	0	0	0	0	0	0	0	1	0	0	0.281252975	0.200799771	0.215271827	0.13976959	0.162905836
m306	copycat	1995	6.5	17335	0	0	0	0	0	1	0	0	0	0	0	0	0	0	0	1	0	0	0	0	1	0	0	0.39939833	0.217828445	0.091398488	0.138977952	0.152396786
m108	jaws	1975	8.3	140982	0	0	0	0	0	0	0	0	0	0	0	0	0	0	0	0	0	0	0	0	1	0	0	0.174842514	0.381048117	0.091475674	0.138386275	0.21424742
m188	someone to watch over me	1987	6.1	3909	1	0	0	0	0	1	0	1	0	0	0	0	0	0	0	0	1	0	0	0	1	0	0	0.331605746	0.090743772	0.064557192	0.138116021	0.374977269
m80	halloween h20: 20 years later	1998	5.4	22353	0	0	0	0	0	0	0	1	0	0	0	0	1	0	0	0	0	0	0	0	1	0	0	0.421992789	0.093248115	0.104392003	0.137659784	0.242707309
m410	the lost world: jurassic park	1997	6	78169	1	1	1	0	0	0	0	0	0	0	0	0	1	0	0	0	0	1	0	0	1	0	0	0.165479407	0.447228363	0.143044297	0.137640219	0.106607713
m463	one flew over the cuckoo's nest	1975	8.9	219739	0	0	0	0	0	0	0	1	0	0	0	0	0	0	0	0	0	0	0	0	0	0	0	0.067793479	0.064052831	0.146254734	0.137572735	0.584326221
m268	beloved	1998	5.6	4014	0	0	0	0	0	0	0	1	0	0	0	0	0	0	0	1	0	0	0	0	0	0	0	0.123446166	0.027251865	0.393765538	0.13740677	0.318129662
m421	leviathan	1989	5.3	4751	0	1	0	0	0	0	0	0	0	0	0	0	1	0	0	1	0	1	0	0	1	0	0	0.1416882	0.446274763	0.060508183	0.137273902	0.214254953
m153	o brother where art thou?	2000	7.8	95628	0	1	0	0	1	1	0	0	0	0	0	0	0	1	0	0	0	0	0	0	0	0	0	0.048312757	0.081152263	0.255308642	0.137119342	0.478106996
m439	midnight express	1978	7.6	24103	0	0	0	1	0	1	0	1	0	0	0	0	0	0	0	0	0	0	0	0	1	0	0	0.143836502	0.107877377	0.101668607	0.137110335	0.509507179
m244	the anniversary party	2001	6.2	5809	0	0	0	0	1	0	0	1	0	0	0	0	0	0	0	0	0	0	0	0	0	0	0	0.636181157	0.054865554	0.102329277	0.136620248	0.070003764
m74	ghostbusters ii	1989	6.1	45450	1	1	0	0	1	0	0	0	0	1	0	0	0	0	0	0	0	1	0	0	0	0	0	0.468338752	0.149352325	0.148320173	0.136450431	0.097538319
m265	beetle juice	1988	7.3	62164	0	0	0	0	1	0	0	0	0	1	0	0	0	0	0	0	0	0	0	0	0	0	0	0.525317855	0.096296296	0.167440575	0.135655058	0.075290216
m177	shock treatment	1981	5.4	1884	0	0	0	0	1	0	0	0	0	0	0	0	0	0	1	0	0	0	0	0	0	0	0	0.484949093	0.074701195	0.240703851	0.135126162	0.064519699
m389	hostage	2005	6.6	37868	1	0	0	0	0	1	0	1	0	0	0	0	0	0	0	0	0	0	0	0	1	0	0	0.133723669	0.209098863	0.036610808	0.134733158	0.485833502
m112	knight moves	1992	5.8	3272	0	0	0	0	0	0	0	0	0	0	0	0	0	0	0	1	0	0	0	0	1	0	0	0.423636549	0.275641026	0.098239723	0.134717135	0.067765568
m228	white squall	1996	6.4	8465	0	1	0	0	0	0	0	1	0	0	0	0	0	0	0	0	0	0	0	0	0	0	0	0.205489505	0.28496991	0.143108763	0.13430207	0.232129752
m133	metro	1997	5.3	9601	1	0	0	0	1	1	0	1	0	0	0	0	0	0	0	0	0	0	0	0	1	0	0	0.219594367	0.198908429	0.049524965	0.132807762	0.399164477
m487	rambling rose	1991	6.6	2631	0	0	0	0	0	0	0	1	0	0	0	0	0	0	0	0	0	0	0	0	0	0	0	0.195684755	0.027855297	0.498423773	0.13245478	0.145581395
m34	blade runner	1982	8.3	188735	0	0	0	0	0	0	0	1	0	0	0	0	0	0	0	0	0	1	0	0	1	0	0	0.264690588	0.366527994	0.102270757	0.132431964	0.134078696
m470	pet sematary ii	1992	4.2	6014	1	0	0	0	0	0	0	0	0	0	0	0	1	0	0	0	0	0	0	0	1	0	0	0.473856209	0.083710407	0.136500754	0.131473102	0.174459527
m304	contact	1997	7.4	75043	0	0	0	0	0	0	0	1	0	0	0	0	0	0	0	1	0	1	0	0	1	0	0	0.135887519	0.59326404	0.124325195	0.131335106	0.01518814
m426	lost souls	2000	4.6	6663	0	0	0	0	0	0	0	1	0	0	0	0	1	0	0	0	1	0	0	0	1	0	0	0.361301015	0.143567433	0.309785236	0.130861128	0.054485187
m490	the rocky horror picture show	1975	7.1	42713	0	0	0	0	1	0	0	0	0	0	0	0	0	0	1	0	0	0	0	0	0	0	0	0.35188308	0.168446693	0.289863219	0.130785085	0.059021922
m612	watchmen	2009	7.8	135229	1	0	0	0	0	1	0	0	0	1	0	0	0	0	0	1	0	1	0	0	1	0	0	0.312540141	0.352761721	0.096258831	0.129576108	0.108863198
m327	dumb and dumberer: when harry met lloyd	2003	3.3	14984	0	0	0	0	1	0	0	0	0	0	0	0	0	0	0	0	0	0	0	0	0	0	0	0.56679528	0.052228373	0.126265168	0.129508472	0.125202706
m176	shivers	1975	6.5	4940	0	0	0	0	0	0	0	0	0	0	0	0	1	0	0	0	0	1	0	0	0	0	0	0.343360434	0.209485095	0.122764228	0.128726287	0.195663957
m467	out of sight	1998	7.2	38595	0	0	0	0	1	1	0	0	0	0	0	0	0	0	0	0	1	0	0	0	1	0	0	0.1255824	0.070659385	0.035514826	0.128081706	0.640161683
m560	the believer	2001	7.3	11345	0	0	0	0	0	0	0	1	0	0	0	0	0	0	0	0	0	0	0	0	0	0	0	0.212512413	0.165397771	0.370517489	0.127937769	0.123634558
m312	cruel intentions	1999	6.7	67532	0	0	0	0	0	0	0	1	0	0	0	0	0	0	0	0	1	0	0	0	1	0	0	0.599347568	0.042408066	0.176255437	0.127866746	0.054122183
m66	g.i. jane	1997	5.6	24068	1	0	0	0	0	0	0	1	0	0	0	0	0	0	0	0	0	0	0	0	0	0	0	0.12264239	0.470868347	0.095518207	0.12745098	0.183520075
m523	the wedding date	2005	5.5	12340	0	0	0	0	1	0	0	0	0	0	0	0	0	0	0	0	1	0	0	0	0	0	0	0.422629223	0.333333333	0.061131461	0.127146927	0.055759056
m303	conspiracy theory	1997	6.5	36045	1	0	0	0	0	1	0	0	0	0	0	0	0	0	0	1	1	0	0	0	1	0	0	0.241789743	0.341496853	0.151866392	0.126939615	0.137907397
m540	supergirl	1984	4.1	6576	1	1	0	0	0	0	0	0	0	0	0	0	0	0	0	0	0	1	0	0	0	0	0	0.266617791	0.148012382	0.384571522	0.126914304	0.073884001
m391	house on haunted hill	1999	5.3	23127	0	0	0	0	0	0	0	0	0	0	0	0	1	0	0	1	0	0	0	0	1	0	0	0.431586467	0.159750633	0.10669524	0.126371842	0.175595818
m214	the time machine	2002	5.7	32900	1	1	0	0	0	0	0	0	0	0	0	0	0	0	0	0	0	1	0	0	0	0	0	0.184233891	0.247970573	0.419393709	0.126331811	0.022070015
m605	who's your daddy?	2003	4.5	2267	0	0	0	0	1	0	0	0	0	0	0	0	0	0	0	0	0	0	0	0	0	0	0	0.521331458	0.073349529	0.204151217	0.126198696	0.0749691
m64	friday the 13th	2009	5.6	27499	0	0	0	0	0	0	0	0	0	0	0	0	1	0	0	0	0	0	0	0	0	0	0	0.332123726	0.121306376	0.170900294	0.126144807	0.249524797
m423	lone star	1996	7.6	14666	0	0	0	0	0	0	0	1	0	0	0	0	0	0	0	1	1	0	0	0	0	0	1	0.158582214	0.10944077	0.155408566	0.125476047	0.451092403
m45	confidence	2003	6.8	17235	0	0	0	0	0	1	0	0	0	0	0	0	0	0	0	0	0	0	0	0	1	0	0	0.173808337	0.116218236	0.090184355	0.125103803	0.494685268
m511	shakespeare in love	1998	7.4	78654	0	0	0	0	1	0	0	1	0	0	0	0	0	0	0	0	1	0	0	0	0	0	0	0.028466948	0.024753868	0.805513361	0.124500703	0.01676512
m408	jerry maguire	1996	7.3	79706	0	0	0	0	1	0	0	1	0	0	0	0	0	0	0	0	1	0	0	1	0	0	0	0.423267189	0.070646434	0.123228281	0.124284364	0.258573731
m253	back to the future	1985	8.4	207376	0	1	0	0	0	0	0	0	1	0	0	0	0	0	0	0	0	1	0	0	0	0	0	0.284692755	0.314395725	0.044633035	0.124233852	0.232044633
m466	orgy of the dead	1965	2.5	1395	0	0	0	0	0	0	0	0	0	1	0	0	1	0	0	0	0	0	0	0	0	0	0	0.160078663	0.096558505	0.560078663	0.124090462	0.059193707
m454	natural born killers	1994	7.1	73047	1	0	0	0	0	1	0	1	0	0	0	0	0	0	0	0	1	0	0	0	1	0	0	0.194406095	0.162397096	0.143733701	0.12374086	0.375722248
m59	fast times at ridgemont high	1982	7.2	31710	0	0	0	0	1	0	0	1	0	0	0	0	0	0	0	0	1	0	0	0	0	0	0	0.590514607	0.045654565	0.040459602	0.123517907	0.199853319
m126	minority report	2002	7.7	137009	1	0	1	0	0	1	0	1	0	0	0	0	0	0	0	1	0	1	0	0	1	0	0	0.211362123	0.421750935	0.084063316	0.123200656	0.15962297
m601	what lies beneath	2000	6.5	46195	0	0	0	0	0	0	0	1	0	0	0	0	1	0	0	1	0	0	0	0	1	0	0	0.629180536	0.079331114	0.116817245	0.123157394	0.051513711
m496	rush hour 2	2001	6.5	52716	1	0	0	0	1	1	0	0	0	0	0	0	0	0	0	0	0	0	0	0	1	0	0	0.13184198	0.168121001	0.149928605	0.122745782	0.427362632
m495	route 9	1998	6	557	0	0	0	0	0	1	0	1	0	0	0	0	0	0	0	0	0	0	0	0	0	0	0	0.189844201	0.154965699	0.052381868	0.122587677	0.480220555
m478	predator	1987	7.8	90730	1	1	0	0	0	0	0	0	0	0	0	0	0	0	0	0	0	1	0	0	1	0	0	0.07294686	0.428985507	0.085024155	0.122463768	0.29057971
m343	face/off	1997	7.3	103386	1	0	0	0	0	1	0	1	0	0	0	0	0	0	0	0	0	1	0	0	1	0	0	0.328393066	0.2692895	0.109853588	0.1219797	0.170484146
m12	airplane ii: the sequel	1982	5.8	15210	0	0	0	0	1	0	0	0	0	0	0	0	0	0	0	0	1	1	0	0	0	0	0	0.342820999	0.387940122	0.085916087	0.121758381	0.061564411
m432	man on the moon	1999	7.4	49915	0	0	0	1	1	0	0	1	0	0	0	0	0	0	0	0	0	0	0	0	0	0	0	0.436025787	0.063936291	0.134015927	0.121501706	0.244520288
m394	hudson hawk	1991	5.4	22116	1	1	0	0	1	1	0	0	0	0	0	0	0	0	0	0	0	0	0	0	0	0	0	0.208470354	0.187593423	0.230044843	0.121425012	0.252466368
m393	hellraiser iii: hell on earth	1992	5.1	7716	0	0	0	0	0	0	0	0	0	0	0	0	1	0	0	0	0	0	0	0	0	0	0	0.378803076	0.076005795	0.227460158	0.121252647	0.196478324
m458	never been kissed	1999	5.7	27409	0	0	0	0	1	0	0	1	0	0	0	0	0	0	0	0	1	0	0	0	0	0	0	0.652697309	0.062379297	0.056843054	0.121024849	0.107055491
m450	my girl 2	1994	4.8	5689	0	0	0	0	1	0	0	1	1	0	0	0	0	0	0	0	1	0	0	0	0	0	0	0.518423308	0.062220318	0.126963725	0.11896601	0.17342664
m154	an officer and a gentleman	1982	6.8	16883	0	0	0	0	0	0	0	1	0	0	0	0	0	0	0	0	1	0	0	0	0	0	0	0.289628065	0.110407134	0.107356565	0.118913528	0.373694708
m10	affliction	1997	6.9	7252	0	0	0	0	0	0	0	1	0	0	0	0	0	0	0	1	0	0	0	0	1	0	0	0.227938841	0.030806225	0.046322762	0.11877864	0.576153532
m226	the war of the worlds	1953	7.1	12239	1	0	0	0	0	0	0	0	0	0	0	0	1	0	0	0	0	1	0	0	1	0	0	0.13510622	0.444444444	0.101023995	0.118752866	0.200672474
m134	metropolis	1927	8.4	40730	0	1	0	0	0	0	0	1	0	0	0	0	0	0	0	0	0	1	0	0	0	0	0	0.114143035	0.595862315	0.113072945	0.118601748	0.058319957
m67	godzilla	1998	4.9	60310	1	0	0	0	0	0	0	0	0	0	0	0	1	0	0	0	0	1	0	0	1	0	0	0.192074911	0.443873473	0.109284001	0.118533744	0.13623387
m554	the relic	1997	5.4	10340	0	0	0	0	0	0	0	0	0	0	0	0	1	0	0	1	0	0	0	0	1	0	0	0.133740985	0.574945124	0.138705968	0.118480192	0.034127731
m252	a walk to remember	2002	7.1	38751	0	0	0	0	0	0	0	1	0	0	0	0	0	0	0	0	1	0	0	0	0	0	0	0.497509403	0.108874657	0.22262885	0.118430416	0.052556674
m517	sleepy hollow	1999	7.5	108951	0	0	0	0	0	0	0	0	0	1	0	0	0	0	0	1	0	0	0	0	1	0	0	0.054635527	0.131564048	0.665180467	0.118188252	0.030431706
m341	the exorcist	1973	8.1	106383	0	0	0	0	0	0	0	0	0	0	0	0	1	0	0	0	0	0	0	0	1	0	0	0.243230376	0.080699875	0.445218116	0.117836101	0.113015533
m7	a nightmare on elm street 4: the dream master	1988	5.2	13590	0	0	0	0	0	0	0	0	0	1	0	0	1	0	0	0	0	0	0	0	1	0	0	0.538797062	0.079889807	0.134297521	0.117768595	0.129247016
m136	mobsters	1991	5.5	3574	0	0	0	0	0	1	0	1	0	0	0	0	0	0	0	0	0	0	0	0	0	0	0	0.039142162	0.051509769	0.156963358	0.117163345	0.635221367
m269	the big lebowski	1998	8.2	182170	0	0	0	0	1	1	0	0	0	0	0	0	0	0	0	1	0	0	0	0	0	0	0	0.130389718	0.082331399	0.082435047	0.11712272	0.587721117
m606	wild things	1998	6.6	40523	0	0	0	0	0	1	0	0	0	0	0	0	0	0	0	1	0	0	0	0	1	0	0	0.446439161	0.064370047	0.057145938	0.116825705	0.315219149
m94	the hustler	1961	8.2	25871	0	0	0	0	0	0	0	1	0	0	0	0	0	0	0	0	1	0	0	1	0	0	0	0.090141825	0.013616984	0.047376664	0.116766728	0.732097799
m163	punch-drunk love	2002	7.4	50312	0	0	0	0	1	0	0	1	0	0	0	0	0	0	0	0	1	0	0	0	0	0	0	0.502043296	0.0472167	0.014137398	0.11608129	0.320521317
m611	the world is not enough	1999	6.3	60047	1	1	0	0	0	0	0	0	0	0	0	0	0	0	0	0	0	0	0	0	1	0	0	0.059361972	0.584738082	0.187330071	0.115280044	0.053289831
m586	true romance	1993	7.9	74762	0	0	0	0	0	1	0	0	0	0	0	0	0	0	0	0	1	0	0	0	1	0	0	0.227659043	0.026871641	0.07024122	0.115235596	0.559992501
m373	good will hunting	1997	8.1	154419	0	0	0	0	0	0	0	1	0	0	0	0	0	0	0	0	0	0	0	0	0	0	0	0.308056187	0.081320189	0.077239736	0.114794352	0.418589535
m347	fargo	1996	8.3	168176	0	0	0	0	0	1	0	1	0	0	0	0	0	0	0	0	0	0	0	0	1	0	0	0.085134701	0.058378081	0.014273257	0.114323741	0.72789022
m29	basic	2003	6.3	26295	0	0	0	0	0	1	0	1	0	0	0	0	0	0	0	1	0	0	0	0	1	0	0	0.132638889	0.442933007	0.088848039	0.113562092	0.222017974
m206	the rock	1996	7.3	109533	1	1	0	0	0	0	0	0	0	0	0	0	0	0	0	0	0	0	0	0	1	0	0	0.151362683	0.271698113	0.173584906	0.113207547	0.290146751
m372	goodfellas	1990	8.8	234582	0	0	0	0	0	1	0	1	0	0	0	0	0	0	0	0	0	0	0	0	1	0	0	0.176054975	0.041231127	0.073654665	0.112756485	0.596302749
m22	austin powers: international man of mystery	1997	7.1	75240	1	1	0	0	1	1	0	0	0	0	0	0	0	0	0	0	0	0	0	0	0	0	0	0.208512744	0.348329621	0.266963623	0.11274437	0.063449641
m125	men in black	1997	7	121719	1	1	0	0	1	0	0	0	0	0	0	0	0	0	0	0	0	1	0	0	0	0	0	0.277705815	0.333909039	0.073834197	0.11175878	0.20279217
m486	quantum project	2000	4.8	47	0	1	0	0	0	0	0	1	0	0	0	0	0	0	0	0	1	0	1	0	0	0	0	0.172987359	0.344644045	0.238855622	0.111111111	0.132401863
m255	the adventures of buckaroo banzai across the 8th dimension	1984	6	10046	0	1	0	0	1	0	0	0	0	0	0	0	0	0	0	0	1	1	0	0	0	0	0	0.127014419	0.38273961	0.078138253	0.110899067	0.301208651
m292	the crying game	1992	7.3	21394	0	0	0	0	0	0	0	1	0	0	0	0	0	0	0	0	0	0	0	0	1	0	0	0.499538958	0.031581374	0.164668818	0.110573229	0.193637621
m189	spider-man	2002	7.4	169898	1	1	0	0	0	0	0	0	0	1	0	0	0	0	0	0	0	1	0	0	1	0	0	0.429113324	0.227516991	0.104868026	0.110557926	0.127943733
m63	frankenstein	1931	8	23522	0	0	0	0	0	0	0	1	0	0	0	0	1	0	0	0	0	1	0	0	0	0	0	0.080858544	0.212230549	0.577944306	0.110185956	0.018780646
m156	panther	1995	5.9	1129	0	0	0	0	0	0	0	1	0	0	0	0	0	0	0	0	0	0	0	0	0	0	0	0.074074074	0.165393916	0.110665648	0.110092911	0.53977345
m551	the haunting	1999	4.6	32086	0	0	0	0	0	0	0	0	0	0	0	0	1	0	0	1	0	0	0	0	1	0	0	0.487344865	0.149223102	0.213524871	0.109840711	0.040066452
m110	kalifornia	1993	6.7	21830	0	0	0	0	0	1	0	1	0	0	0	0	0	0	0	0	0	0	0	0	1	0	0	0.250906377	0.046385157	0.097355513	0.10897846	0.496374493
m120	the life of david gale	2003	7.3	38237	0	0	0	0	0	1	0	1	0	0	0	0	0	0	0	0	0	0	0	0	1	0	0	0.072823368	0.053820705	0.099693375	0.108407972	0.665254579
m526	spacejacked	1997	2.9	105	1	0	0	0	0	0	0	0	0	0	0	0	0	0	0	0	0	1	0	0	0	0	0	0.155880495	0.5496886	0.069591118	0.108403285	0.116436501
m338	escape from the planet of the apes	1971	6.1	7754	0	0	0	0	0	0	0	0	0	0	0	0	0	0	0	0	0	1	0	0	1	0	0	0.188979964	0.39708561	0.223588342	0.108378871	0.081967213
m284	bringing out the dead	1999	6.8	31285	0	0	0	0	0	0	0	1	0	0	0	0	0	0	0	0	0	0	0	0	1	0	0	0.334513483	0.132117779	0.141322948	0.108337759	0.283708031
m56	even cowgirls get the blues	1993	4	3947	0	0	0	0	1	0	0	1	0	0	0	0	0	0	0	0	1	0	0	0	0	0	1	0.161060802	0.143165157	0.496406497	0.108236309	0.091131235
m361	jason goes to hell: the final friday	1993	4.1	8894	0	0	0	0	0	0	0	0	0	0	0	0	1	0	0	0	0	0	0	0	1	0	0	0.2800328	0.120131201	0.136326363	0.107216072	0.356293563
m88	high fidelity	2000	7.6	70464	0	0	0	0	1	0	0	1	0	0	0	0	0	1	0	0	1	0	0	0	0	0	0	0.61635772	0.052722021	0.072977222	0.106906512	0.151036525
m248	arctic blue	1993	4.8	464	1	0	0	0	0	0	0	0	0	0	0	0	0	0	0	0	0	0	0	0	1	0	0	0.135126481	0.287928274	0.165033622	0.106884406	0.305027217
m19	american outlaws	2001	5.7	7425	1	0	0	0	0	0	0	0	0	0	0	0	0	0	0	0	0	0	0	0	0	0	1	0.134720974	0.080413297	0.354247779	0.106818409	0.323799541
m302	collateral	2004	7.8	106866	0	0	0	0	0	1	0	1	0	0	0	0	0	0	0	0	0	0	0	0	1	0	0	0.160719732	0.1301718	0.083663719	0.10638406	0.519060689
m584	tron	1982	6.7	25903	1	1	0	0	0	0	0	0	0	0	0	0	0	0	0	0	0	1	0	0	1	0	0	0.1600603	0.539859892	0.057196063	0.105701871	0.137181875
m597	virtuosity	1995	5.3	11191	1	0	0	0	0	1	0	0	0	0	0	0	0	0	0	0	0	1	0	0	1	0	0	0.230181842	0.524687763	0.078560797	0.105610561	0.060959037
m38	bottle rocket	1996	7.2	22303	0	0	0	0	1	1	0	0	0	0	0	0	0	0	0	0	0	0	0	0	0	0	0	0.443200083	0.12018458	0.070565666	0.105459636	0.260590035
m403	jaws 2	1978	5.6	18995	0	0	0	0	0	0	0	0	0	0	0	0	0	0	0	0	0	0	0	0	1	0	0	0.280101134	0.306956403	0.051318847	0.105166052	0.256457565
m405	jaws: the revenge	1987	2.6	15727	0	0	0	0	0	0	0	0	0	0	0	0	0	0	0	0	0	0	0	0	1	0	0	0.26111817	0.184314556	0.246293943	0.10426373	0.2040096
m484	vampyr	1932	7.6	4005	0	0	0	0	0	0	0	0	0	1	0	0	1	0	0	0	0	0	0	0	0	0	0	0.097660819	0.142105263	0.58128655	0.104093567	0.074853801
m147	the night of the hunter	1955	8.2	26211	0	0	0	0	0	0	0	1	0	0	1	0	0	0	0	0	0	0	0	0	1	0	0	0.080628542	0.021552464	0.514597287	0.103726601	0.279495106
m201	suspect zero	2004	5.8	9914	0	0	0	0	0	1	0	0	0	0	0	0	1	0	0	0	0	1	0	0	1	0	0	0.189780449	0.531126036	0.060131181	0.103413063	0.115549271
m352	the fisher king	1991	7.5	28310	0	0	0	0	1	0	0	1	0	0	0	0	0	0	0	0	1	0	0	0	0	0	0	0.379761722	0.047655571	0.295392954	0.103338958	0.173850795
m360	jason lives: friday the 13th part vi	1986	5.3	9919	0	0	0	0	1	0	0	0	0	0	0	0	1	0	0	0	0	0	0	0	1	0	0	0.278901734	0.172607579	0.129897238	0.103082852	0.315510597
m160	plastic man	1999	6.7	29	0	0	0	0	0	0	0	1	0	0	0	0	0	0	0	0	0	0	0	0	0	0	0	0.151819646	0.580805153	0.104605475	0.102286634	0.060483092
m8	a nightmare on elm street: the dream child	1989	4.7	11092	0	0	0	0	0	0	0	0	0	1	0	0	1	0	0	0	0	0	0	0	1	0	0	0.544791667	0.055034722	0.123263889	0.102083333	0.174826389
m227	new nightmare	1994	6.3	14975	0	0	0	0	0	0	0	0	0	1	0	0	1	0	0	1	0	0	0	0	1	0	0	0.573630517	0.100687514	0.135617654	0.101574629	0.088489687
m325	domino	2005	5.9	32949	1	0	0	0	0	1	0	1	0	0	0	0	0	0	0	0	0	0	0	0	1	0	0	0.170801605	0.184475559	0.123311226	0.101531155	0.419880455
m81	halloween: the curse of michael myers	1995	4.5	8743	0	0	0	0	0	0	0	0	0	0	0	0	1	0	0	0	0	0	0	0	1	0	0	0.457090082	0.128161409	0.204461495	0.10130719	0.108979824
m473	planet of the apes	2001	5.5	73596	1	1	1	0	0	0	0	0	0	0	0	0	0	0	0	0	0	1	0	0	1	0	0	0.032941489	0.51291758	0.332868433	0.100285581	0.020986916
m330	edtv	1999	6.1	21865	0	0	0	0	1	0	0	0	0	0	0	0	0	0	0	0	0	0	0	0	0	0	0	0.563137941	0.063808691	0.070457859	0.099620881	0.202974628
m274	blood simple.	1984	7.8	28901	0	0	0	0	0	1	0	1	0	0	0	0	0	0	0	0	0	0	0	0	1	0	0	0.252754171	0.057916273	0.034623859	0.099307523	0.555398174
m378	halloween 4: the return of michael myers	1988	5.6	11315	0	0	0	0	0	0	0	0	0	0	0	0	1	0	0	0	0	0	0	0	1	0	0	0.498589961	0.131979695	0.088099267	0.098477157	0.18285392
m434	halloween iii: season of the witch	1982	3.8	13037	0	0	0	0	0	0	0	0	0	0	0	0	1	0	0	1	0	1	0	0	0	0	0	0.227606117	0.029806492	0.168929463	0.098392634	0.475265293
m137	monkeybone	2001	4.5	8258	0	0	1	0	1	0	0	0	0	1	0	0	0	0	0	0	1	0	0	0	0	0	0	0.460950973	0.076291369	0.175166297	0.098053708	0.189537653
m281	bound	1996	7.5	23772	0	0	0	0	0	1	0	1	0	0	0	0	0	0	0	0	0	0	0	0	1	0	0	0.227632983	0.038561195	0.046486816	0.097850937	0.589468069
m359	friday the 13th part iii	1982	5.1	11718	0	0	0	0	0	0	0	0	0	0	0	0	1	0	0	0	0	0	0	0	0	0	0	0.392156863	0.076184641	0.171364379	0.097017974	0.263276144
m588	u-turn	1973	5.8	37	0	0	0	0	0	0	0	1	0	0	0	0	0	0	0	0	0	0	0	0	0	0	0	0.074808457	0.019663937	0.124428661	0.097004373	0.684094571
m155	panic room	2002	6.9	69824	0	0	0	0	0	0	0	0	0	0	0	0	0	0	0	0	0	0	0	0	1	0	0	0.220170309	0.10095414	0.101159331	0.096850313	0.480865907
m536	dr. strangelove or: how i learned to stop worrying and love the bomb	1964	8.6	158529	0	0	0	0	1	0	0	1	0	0	0	0	0	0	0	0	0	0	0	0	0	0	0	0.03277436	0.704668838	0.102465114	0.096553666	0.063538022
m290	catwoman	2004	3.2	35065	1	0	0	0	0	1	0	0	0	1	0	0	0	0	0	0	0	0	0	0	0	0	0	0.482664892	0.150496478	0.194707938	0.095800743	0.07632995
m457	neuromancer	1988	9.3	48	1	1	1	0	0	0	0	0	0	0	0	0	0	0	0	0	0	1	0	0	0	0	0	0.150798383	0.480620155	0.08765653	0.0952097	0.185715232
m348	fight club	1999	8.8	391697	0	0	0	0	0	1	0	1	0	0	0	0	0	0	0	1	0	0	0	0	1	0	0	0.413657855	0.255748979	0.116645175	0.095153664	0.118794326
m299	clerks.	1994	8	90972	0	0	0	0	1	0	0	0	0	0	0	0	0	0	0	0	0	0	0	0	0	0	0	0.47536628	0.092158202	0.095422455	0.094182545	0.242870518
m488	red white black & blue	2006	6.3	37	0	0	0	0	0	0	1	0	0	0	0	0	0	0	0	0	0	0	0	0	0	0	0	0.182828283	0.125901876	0.164357864	0.093578644	0.433333333
m509	the searchers	1956	8.1	30138	0	1	0	0	0	0	0	1	0	0	0	0	0	0	0	0	0	0	0	0	0	0	1	0.021872864	0.096908939	0.464570517	0.092807777	0.323839903
m217	there's something about mary	1998	7.2	97546	0	0	0	0	1	0	0	0	0	0	0	0	0	0	0	0	1	0	0	0	0	0	0	0.479880717	0.037837419	0.069865613	0.092637775	0.319778475
m1	1492: conquest of paradise	1992	6.2	10421	0	1	0	1	0	0	0	1	0	0	0	1	0	0	0	0	0	0	0	0	0	0	0	0.040344693	0.273403839	0.549418984	0.092570832	0.044261653
m461	a nightmare on elm street 3: dream warriors	1987	6.3	17734	0	0	0	0	0	0	0	0	0	1	0	0	1	0	0	0	0	0	0	0	1	0	0	0.51209089	0.121846988	0.172816344	0.092453617	0.100792162
m194	star trek iv: the voyage home	1986	7.3	26423	0	1	0	0	1	0	0	0	0	0	0	0	0	0	0	0	0	1	0	0	0	0	0	0.04835306	0.734516928	0.083035141	0.092439673	0.041655198
m556	the x files	1998	6.8	39090	0	0	0	0	0	1	0	0	0	0	0	0	1	0	0	1	0	1	0	0	1	0	0	0.063318113	0.684018265	0.088462709	0.092054795	0.072146119
m409	jurassic park iii	2001	5.7	62564	1	1	0	0	0	0	0	0	0	0	0	0	0	0	0	0	0	1	0	0	1	0	0	0.267223382	0.478659244	0.091742055	0.091742055	0.070633264
m516	sister act	1992	5.9	25196	0	0	0	0	1	1	0	0	0	0	0	0	0	1	0	0	0	0	0	0	0	0	0	0.248120947	0.061289353	0.455095993	0.091697805	0.143795903
m382	happy campers	2001	5.4	1785	0	0	0	0	1	0	0	0	0	0	0	0	0	0	0	0	0	0	0	0	0	0	0	0.574374839	0.093494887	0.180888545	0.091174701	0.060067028
m371	gone in sixty seconds	2000	6	74474	1	0	0	0	0	1	0	0	0	0	0	0	0	0	0	0	0	0	0	0	1	0	0	0.199170813	0.165561083	0.134383637	0.091044776	0.40983969
m430	manhunt	2003	8.7	736	1	1	0	0	0	1	0	0	0	0	0	0	1	0	0	0	0	0	0	0	1	0	0	0.197219419	0.319430429	0.030384572	0.091041597	0.361923983
m197	star trek vi: the undiscovered country	1991	7.2	23751	1	0	0	0	0	0	0	0	0	0	0	0	0	0	0	1	0	1	0	0	1	0	0	0.028964862	0.768340456	0.092651947	0.090752612	0.019290123
m93	human nature	2001	6.3	10017	0	0	0	0	1	0	0	1	0	0	0	0	0	0	0	0	0	0	0	0	0	0	0	0.340214917	0.059393362	0.459478058	0.090254619	0.050659044
m411	jurassic park	1993	7.9	153737	1	1	0	0	0	0	0	0	1	1	0	0	0	0	0	0	0	1	0	0	0	0	0	0.180809579	0.481463174	0.13555226	0.089910474	0.112264514
m215	the jacket	2005	7.1	36581	0	0	0	0	0	0	0	1	0	1	0	0	0	0	0	1	0	1	0	0	1	0	0	0.49935567	0.090063001	0.175257732	0.089561856	0.145761741
m451	my girl	1991	6.4	17967	0	0	0	0	1	0	0	1	1	0	0	0	0	0	0	0	1	0	0	0	0	0	0	0.561250641	0.026539097	0.131613418	0.089128082	0.191468762
m55	eternal sunshine of the spotless mind	2004	8.5	224838	0	0	0	0	0	0	0	1	0	0	0	0	0	0	0	0	1	1	0	0	0	0	0	0.709778115	0.05091538	0.087108749	0.088964819	0.063232937
m480	the princess bride	1987	8.1	125281	0	1	0	0	1	0	0	0	1	1	0	0	0	0	0	0	1	0	0	0	0	0	0	0.1036524	0.166992245	0.58521281	0.088498195	0.05564435
m311	the crow	1994	7.6	55886	1	0	0	0	0	1	0	0	0	1	0	0	0	0	0	0	0	0	0	0	1	0	0	0.218568909	0.141093474	0.237969262	0.088435374	0.313932981
m379	halloween	1978	7.9	64690	0	0	0	0	0	0	0	0	0	0	0	0	1	0	0	0	0	0	0	0	1	0	0	0.530077057	0.097564007	0.11061397	0.08811832	0.173626647
m549	the terminator	1984	8.1	183538	1	0	0	0	0	0	0	0	0	0	0	0	0	0	0	0	0	1	0	0	1	0	0	0.189332189	0.427713428	0.100958101	0.087516088	0.194480194
m444	moonstruck	1987	7.1	15879	0	0	0	0	1	0	0	1	0	0	0	0	0	0	0	0	1	0	0	0	0	0	0	0.258658763	0.025569503	0.351696885	0.087343096	0.276731753
m294	cherry falls	2000	4.8	5669	0	0	0	0	0	0	0	0	0	0	0	0	1	0	0	1	0	0	0	0	1	0	0	0.674422526	0.066936436	0.103018041	0.087000506	0.068622492
m159	pirates of the caribbean	2003	7.2	329	0	1	0	0	0	0	0	0	0	1	0	0	1	0	0	0	0	0	0	0	0	0	0	0.028939109	0.280539862	0.560765851	0.086691777	0.043063402
m521	soldier	1998	5.6	16446	1	0	0	0	0	0	0	1	0	0	0	0	0	0	0	0	0	1	0	0	0	0	0	0.101814962	0.418326693	0.294378043	0.086321381	0.09915892
m9	the atomic submarine	1959	4.9	513	0	0	0	0	0	0	0	0	0	0	0	0	0	0	0	0	0	1	0	0	1	0	0	0.08765276	0.604719764	0.168001124	0.086248069	0.053378283
m143	mystery men	1999	5.9	31817	1	0	0	0	1	0	0	0	0	1	0	0	0	0	0	0	0	0	0	0	0	0	0	0.419457735	0.125465178	0.190643275	0.085273791	0.179160021
m128	malcolm x	1992	7.7	23317	0	0	0	1	0	0	0	1	0	0	0	1	0	0	0	0	0	0	0	0	0	0	0	0.095971884	0.063530684	0.419789132	0.084563396	0.336144904
m324	dog day afternoon	1975	8.2	61120	0	0	0	0	0	1	0	1	0	0	0	0	0	0	0	0	0	0	0	0	0	0	0	0.139887039	0.040802415	0.065683124	0.084428864	0.669198559
m210	the crow: salvation	2000	4.7	4566	1	0	0	0	0	1	0	0	0	1	0	0	0	0	0	1	0	0	0	0	1	0	0	0.418592707	0.087827427	0.165211436	0.084060948	0.244307482
m420	last of the mohicans	1977	7.3	71	1	1	0	0	0	0	0	0	0	0	0	0	0	0	0	0	0	0	0	0	0	1	0	0.015609563	0.144569584	0.70664559	0.083382731	0.049792531
m587	twelve monkeys	1995	8.1	173320	0	0	0	0	0	0	0	0	0	0	0	0	0	0	0	1	0	1	0	0	1	0	0	0.426082295	0.288500201	0.089800295	0.083165795	0.112451414
m576	tombstone	1993	7.7	44204	1	0	0	0	0	0	0	1	0	0	0	1	0	0	0	0	1	0	0	0	0	0	1	0.126946673	0.031618688	0.211944838	0.082638561	0.54685124
m98	indiana jones and the last crusade	1989	8.3	174947	1	1	0	0	0	0	0	0	0	1	0	0	0	0	0	0	0	0	0	0	1	0	0	0.184107002	0.134539732	0.565259201	0.082612116	0.033481948
m534	storytelling	2001	6.7	9677	0	0	0	0	1	0	0	1	0	0	0	0	0	0	0	0	0	0	0	0	0	0	0	0.616761676	0.076107611	0.081108111	0.081908191	0.144114411
m178	sideways	2004	7.8	70349	0	0	0	0	1	0	0	1	0	0	0	0	0	0	0	0	1	0	0	0	0	0	0	0.620261438	0.04686659	0.069127259	0.081122645	0.182622068
m72	ghost world	2001	7.7	43550	0	0	0	0	1	0	0	1	0	0	0	0	0	0	0	0	0	0	0	0	0	0	0	0.73236896	0.051236688	0.035661012	0.080688244	0.100045097
m127	made	2001	6.4	9774	0	0	0	0	1	1	0	1	0	0	0	0	0	0	0	0	0	0	0	0	1	0	0	0.171093171	0.045084045	0.056667057	0.07995008	0.647205647
m44	the cider house rules	1999	7.5	38836	0	0	0	0	0	0	0	1	0	0	0	0	0	0	0	0	1	0	0	0	0	0	0	0.26459461	0.10045981	0.385483965	0.079739247	0.169722368
m0	10 things i hate about you	1999	6.9	62847	0	0	0	0	1	0	0	0	0	0	0	0	0	0	0	0	1	0	0	0	0	0	0	0.519522985	0.084952234	0.140026928	0.079694813	0.175803039
m186	smokin' aces	2006	6.6	58048	1	0	0	0	0	1	0	1	0	0	0	0	0	0	0	0	0	0	0	0	1	0	0	0.105953361	0.345075446	0.074074074	0.078463649	0.396433471
m21	antitrust	2001	6	16453	0	0	0	0	0	0	0	1	0	0	0	0	0	0	0	0	0	0	0	0	1	0	0	0.33743607	0.391333671	0.035463384	0.077614792	0.158152082
m579	toy story	1995	8.2	156231	0	1	1	0	1	0	0	0	1	1	0	0	0	0	0	0	0	0	0	0	0	0	0	0.468191146	0.192123522	0.067917522	0.077592104	0.194175706
m243	annie hall	1977	8.3	66781	0	0	0	0	1	0	0	1	0	0	0	0	0	0	0	0	1	0	0	0	0	0	0	0.506137866	0.044410107	0.065499184	0.077574613	0.30637823
m122	logan's run	1976	6.7	15152	1	0	0	0	0	0	0	0	0	0	0	0	0	0	0	0	0	1	0	0	0	0	0	0.238250717	0.132185614	0.509251014	0.077570001	0.042742654
m572	ticker	2001	3.3	3933	1	0	0	0	0	1	0	0	0	0	0	0	0	0	0	0	0	0	0	0	1	0	0	0.143930407	0.376631079	0.053084223	0.077402135	0.348952155
m354	five feet high and rising	2000	6.5	326	0	0	0	0	0	0	0	0	0	0	0	0	0	0	0	0	0	0	1	0	0	0	0	0.20650954	0.046015713	0.118406285	0.077160494	0.551907969
m501	the salton sea	2002	7.1	16669	0	0	0	0	0	1	0	1	0	0	0	0	0	0	0	1	0	0	0	0	1	0	0	0.298280423	0.101043504	0.08436214	0.076646091	0.439667842
m287	buffy the vampire slayer	1992	5.3	16206	1	0	0	0	1	0	0	0	0	0	0	0	1	0	0	0	0	0	0	0	0	0	0	0.483020632	0.068092817	0.199836343	0.076567888	0.172482319
m428	magnolia	1999	8	123476	0	0	0	0	0	0	0	1	0	0	0	0	0	0	0	0	0	0	0	0	0	0	0	0.41919977	0.029274611	0.113471503	0.076511226	0.36154289
m350	final destination	2000	6.8	53422	0	0	0	0	0	0	0	0	0	0	0	0	1	0	0	0	0	0	0	0	1	0	0	0.293792799	0.204329578	0.135188867	0.076430307	0.290258449
m99	indiana jones and the temple of doom	1984	7.5	112054	1	1	0	0	0	0	0	0	0	0	0	0	0	0	0	0	0	0	0	0	0	0	0	0.109782031	0.175615807	0.573896863	0.076289208	0.064416091
m275	bloodmoon	1997	4.5	269	1	0	0	0	0	0	0	0	0	0	0	0	0	0	0	0	0	0	0	0	1	0	0	0.700870942	0.024069675	0.035154394	0.076167854	0.163737134
m310	crouching tiger hidden dragon	2003	8	1091	1	0	0	0	0	0	0	0	0	0	0	0	0	0	0	0	0	0	0	0	0	0	0	0.062724014	0.104410161	0.734533271	0.075814243	0.022518311
m36	blue velvet	1986	7.8	54576	0	0	0	0	0	1	0	0	0	0	0	0	0	0	0	1	0	0	0	0	1	0	0	0.697216991	0.022337309	0.037664783	0.075695752	0.167085164
m4	48 hrs.	1982	6.9	22289	1	0	0	0	1	1	0	1	0	0	0	0	0	0	0	0	0	0	0	0	1	0	0	0.129462946	0.061906191	0.031653165	0.075457546	0.701520152
m440	mimic	1997	5.7	14916	0	0	0	0	0	0	0	1	0	0	0	0	1	0	0	0	0	1	0	0	0	0	0	0.191653787	0.261033831	0.08638159	0.075218959	0.385711832
m565	the messenger	2009	7.4	9224	0	0	0	0	0	0	0	1	0	0	0	0	0	0	0	0	1	0	0	0	0	1	0	0.070944964	0.056988577	0.775451713	0.073603323	0.023011423
m533	stepmom	1998	6.2	18714	0	0	0	0	1	0	0	1	0	0	0	0	0	0	0	0	0	0	0	0	0	0	0	0.561808384	0.052819943	0.155991608	0.072894813	0.156485252
m245	antz	1998	6.8	37825	0	1	1	0	1	0	0	0	1	0	0	0	0	0	0	0	0	0	0	0	0	0	0	0.212053571	0.15707672	0.44510582	0.072668651	0.113095238
m272	blade	1998	7	65885	1	1	0	0	0	0	0	0	0	1	0	0	1	0	0	0	0	0	0	0	1	0	0	0.098878695	0.295956507	0.480462113	0.071808812	0.052893872
m613	xxx	2002	5.6	53505	1	1	0	0	0	1	0	0	0	0	0	0	0	0	0	0	0	0	0	0	0	0	0	0.17286356	0.329382476	0.086215295	0.071656654	0.339882015
m595	very bad things	1998	6	22977	0	0	0	0	1	1	0	0	0	0	0	0	0	0	0	0	0	0	0	0	1	0	0	0.432137711	0.124858823	0.156209838	0.070802664	0.215990965
m455	nothing but a man	1964	7.8	448	0	0	0	0	0	0	0	1	0	0	0	0	0	0	0	0	1	0	0	0	0	0	0	0.126105636	0.022576026	0.077415551	0.070592199	0.703310589
m15	aliens	1986	8.5	173518	1	0	0	0	0	0	0	0	0	0	0	0	0	0	0	0	0	1	0	0	1	0	0	0.130156223	0.585395822	0.054414604	0.070300158	0.159733193
m477	point break	1991	6.9	37722	1	1	0	0	0	1	0	1	0	0	0	0	0	0	0	0	0	0	0	1	1	0	0	0.155600876	0.221920085	0.059747715	0.06994486	0.492786464
m427	love & basketball	2000	6.7	5907	0	0	0	0	0	0	0	1	0	0	0	0	0	0	0	0	1	0	0	1	0	0	0	0.443156733	0.02593819	0.08388521	0.069475104	0.377544763
m169	reindeer games	2000	5.5	16951	1	0	0	0	0	1	0	1	0	0	0	0	0	0	0	0	0	0	0	0	1	0	0	0.106407209	0.049861359	0.112200436	0.069122599	0.662408398
m187	solaris	2002	6.2	33541	0	0	0	0	0	0	0	1	0	0	0	0	0	0	0	1	1	1	0	0	0	0	0	0.29726743	0.4262608	0.170383765	0.068816556	0.037271449
m392	house of the damned	1996	4.3	216	1	0	0	0	0	0	0	0	0	0	0	0	1	0	0	0	0	0	0	0	1	0	0	0.327471356	0.140154543	0.413669065	0.06847855	0.050226485
m184	slither	2006	6.6	26497	0	0	0	0	1	0	0	0	0	0	0	0	1	0	0	0	0	1	0	0	0	0	0	0.226832642	0.129399109	0.172429691	0.068234209	0.403104349
m506	scream 3	2000	5.3	38870	0	0	0	0	0	0	0	0	0	0	0	0	1	0	0	1	0	0	0	0	1	0	0	0.642794535	0.111626708	0.051405001	0.067904099	0.126269657
m196	star trek: first contact	1996	7.6	45429	1	1	0	0	0	0	0	0	0	0	0	0	0	0	0	0	0	1	0	0	1	0	0	0.039537329	0.821381002	0.052576236	0.067858395	0.018647038
m229	wild at heart	1990	7.2	29388	0	0	0	0	0	1	0	0	0	0	0	0	0	0	0	0	1	0	0	0	1	0	0	0.137650122	0.0526581	0.110243274	0.067439321	0.632009182
m86	hellboy	2004	6.8	68619	1	1	0	0	0	0	0	0	0	1	0	0	0	0	0	0	0	0	0	0	0	0	0	0.257053683	0.214731586	0.280524345	0.06741573	0.180274657
m383	heathers	1989	7.3	25236	0	0	0	0	1	1	0	0	0	0	0	0	0	0	0	0	0	0	0	0	0	0	0	0.579315886	0.080980257	0.133321855	0.067320937	0.139061065
m418	lake placid	1999	5.4	19621	1	0	0	0	1	0	0	0	0	0	0	0	1	0	0	0	0	0	0	0	1	0	0	0.269685843	0.289065687	0.178430573	0.066775466	0.196042432
m345	the fantastic four	1994	3.8	1472	1	1	0	0	0	0	0	0	0	1	0	0	0	0	0	0	0	1	0	0	0	0	0	0.277848012	0.474856019	0.05394016	0.066722854	0.126632954
m241	an american werewolf in paris	1997	4.9	10158	0	0	0	0	1	0	0	0	0	0	0	0	1	0	0	0	1	0	0	0	1	0	0	0.393997446	0.097204484	0.239960267	0.066695048	0.202142756
m148	a nightmare on elm street	1984	7.4	47161	0	0	0	0	0	0	0	0	0	0	0	0	1	0	0	0	0	0	0	0	0	0	0	0.559500329	0.073767258	0.139119001	0.066535174	0.161078238
m568	the sting	1973	8.4	67231	0	0	0	0	1	1	0	1	0	0	0	0	0	0	0	0	0	0	0	0	0	0	0	0.045664712	0.058773059	0.032461032	0.066352066	0.79674913
m524	sounder	1972	7.8	1298	0	0	0	0	0	0	0	1	0	0	0	0	0	0	0	0	0	0	0	0	0	0	0	0.08436603	0.019953791	0.30357768	0.066162571	0.525939929
m491	rocky	1976	8.1	100022	0	0	0	0	0	0	0	1	0	0	0	0	0	0	0	0	1	0	0	1	0	0	0	0.07658034	0.030433226	0.097346541	0.066157457	0.729482436
m603	the witching hour	1996	6.5	69	0	0	0	0	0	0	1	0	0	0	0	0	0	0	0	0	0	0	1	0	0	0	0	0.279518072	0.08313253	0.496987952	0.066064257	0.074297189
m505	scream 2	1997	5.9	48988	0	0	0	0	0	0	0	0	0	0	0	0	1	0	0	1	0	0	0	0	1	0	0	0.529138457	0.201115094	0.091729723	0.064914377	0.11310235
m314	the curse	1987	4.5	627	0	0	0	0	0	0	0	0	0	0	0	0	1	0	0	0	0	1	0	0	0	0	0	0.627002786	0.041187739	0.114986068	0.064132706	0.1526907
m49	detroit rock city	1999	6.5	14666	0	0	0	0	1	0	0	0	0	0	0	0	0	1	0	0	0	0	0	0	0	0	0	0.295919648	0.092341494	0.137853107	0.063779033	0.410106717
m41	the butterfly effect	2004	7.8	104917	0	0	0	0	0	0	0	1	0	0	0	0	0	0	0	1	0	1	0	0	1	0	0	0.527958473	0.143242	0.095998423	0.063013339	0.169787765
m220	top gun	1986	6.5	81087	1	0	0	0	0	0	0	1	0	0	0	0	0	0	0	0	1	0	0	0	0	0	0	0.226477024	0.374848043	0.102054461	0.062971067	0.233649404
m571	thx 1138	1971	6.8	15741	0	0	0	0	0	0	0	1	0	0	0	0	0	0	0	1	0	1	0	0	1	0	0	0.145150931	0.577392421	0.170359666	0.062780989	0.044315992
m221	total recall	1990	7.4	71383	1	1	0	0	0	0	0	0	0	0	0	0	0	0	0	0	0	1	0	0	1	0	0	0.254170838	0.404738071	0.061644978	0.062645979	0.216800133
m260	batman and robin	1949	6.5	443	1	1	0	0	0	1	0	1	0	0	0	0	0	0	0	0	0	1	0	0	0	0	0	0.16553442	0.25196256	0.462107488	0.062349034	0.058046498
m113	krull	1983	5.9	8246	1	1	0	0	0	0	0	0	0	1	0	0	0	0	0	0	0	1	0	0	0	0	0	0.02998355	0.097726933	0.790264693	0.062210259	0.019814566
m200	strange days	1995	7.1	27744	1	0	0	0	0	1	0	1	0	1	0	0	0	1	0	1	0	1	0	0	1	0	0	0.385445263	0.107980542	0.076723017	0.06212975	0.367721428
m58	fantastic four	2005	5.7	72581	1	1	0	0	0	0	0	0	0	1	0	0	0	0	0	0	0	1	0	0	0	0	0	0.273704172	0.484126984	0.053308049	0.062017137	0.126843658
m295	chill factor	1999	4.9	5381	1	1	0	0	1	0	0	0	0	0	0	0	0	0	0	0	0	0	0	0	1	0	0	0.048569054	0.198749159	0.043027352	0.061829553	0.647824882
m340	excalibur	1981	7.4	24550	0	1	0	0	0	0	0	1	0	1	0	0	0	0	0	0	0	0	0	0	0	0	0	0.030609379	0.042216606	0.843489656	0.061125152	0.022559206
m547	terminator 2: judgment day	1991	8.5	243230	1	0	0	0	0	0	0	0	0	0	0	0	0	0	0	0	0	1	0	0	1	0	0	0.22015397	0.458002987	0.055498104	0.061013444	0.205331495
m92	house of 1000 corpses	2003	5.6	27033	0	0	0	0	0	0	0	0	0	0	0	0	1	0	0	0	0	0	0	0	0	0	0	0.381727338	0.04525339	0.117677849	0.061004045	0.394337378
m179	signs	2002	6.9	113119	0	0	0	0	0	0	0	1	0	0	0	0	0	0	0	1	0	1	0	0	1	0	0	0.383250639	0.223575402	0.196662156	0.060893099	0.135618704
m319	deep rising	1998	5.7	12638	1	0	0	0	0	0	0	0	0	0	0	0	1	0	0	0	0	1	0	0	1	0	0	0.164889507	0.320197806	0.088239839	0.060577963	0.366094885
m27	bamboozled	2000	6.3	5995	0	0	0	0	1	0	0	1	0	0	0	0	0	1	0	0	0	0	0	0	0	0	0	0.215500327	0.082879151	0.362364654	0.059516024	0.279739844
m213	the thing	1982	8.2	80904	0	0	0	0	0	0	0	0	0	0	0	0	1	0	0	1	0	1	0	0	1	0	0	0.100235452	0.452180738	0.096087005	0.059311582	0.292185223
m109	juno	2007	7.9	152436	0	0	0	0	1	0	0	1	0	0	0	0	0	0	0	0	0	0	0	0	0	0	0	0.625268206	0.070848584	0.126845892	0.059194749	0.117842568
m135	mighty morphin power rangers	1994	8.2	35	1	0	0	0	0	0	0	0	1	0	0	0	0	0	0	0	0	0	0	0	0	0	0	0.084311424	0.478873239	0.252934272	0.058881064	0.125
m400	i still know what you did last summer	1998	4.1	23543	0	0	0	0	0	0	0	0	0	0	0	0	1	0	0	1	0	0	0	0	1	0	0	0.393100682	0.144203771	0.106799037	0.058263137	0.297633373
m166	raging bull	1980	8.4	91851	0	0	0	1	0	0	0	1	0	0	0	0	0	0	0	0	0	0	0	1	0	0	0	0.093222883	0.016207455	0.065790264	0.058226784	0.766552614
m429	the man in the iron mask	1998	6.1	36684	1	1	0	0	0	0	0	1	0	0	0	1	0	0	0	0	0	0	0	0	0	0	0	0.049106873	0.088646685	0.783772328	0.056978504	0.02149561
m529	star wars	1977	8.8	326619	1	1	0	0	0	0	0	0	0	1	0	0	0	0	0	0	0	1	0	0	0	0	0	0.058333333	0.614141414	0.240740741	0.056649832	0.03013468
m106	jacob's ladder	1990	7.5	29182	0	0	0	0	0	0	0	1	0	0	0	0	0	0	0	1	0	0	0	0	1	0	0	0.246844252	0.110103192	0.232349412	0.056395488	0.354307655
m346	fantastic voyage	1966	6.8	5231	0	1	0	0	0	0	0	0	0	0	0	0	0	0	0	0	0	1	0	0	0	0	0	0.050325906	0.742534485	0.130741246	0.056313476	0.020084887
m507	scream	1996	7.2	92543	0	0	0	0	0	1	0	0	0	0	0	0	1	0	0	1	0	0	0	0	1	0	0	0.599001582	0.098606168	0.06153618	0.056000395	0.184855674
m172	scary movie 2	2001	4.7	44511	0	0	0	0	1	0	0	0	0	0	0	0	0	0	0	0	0	0	0	0	0	0	0	0.499427262	0.106605575	0.140435281	0.055211913	0.198319969
m358	frequency	2000	7.3	36396	0	0	0	0	0	1	0	1	0	0	0	0	0	0	0	0	0	1	0	0	1	0	0	0.298995789	0.093877551	0.047100745	0.054356981	0.505668934
m237	alien vs. predator	1993	7.8	116	1	1	0	0	0	0	0	0	0	0	0	0	0	0	0	0	0	1	0	0	0	0	0	0.123707665	0.485918004	0.05751634	0.054307784	0.278550208
m26	bad lieutenant	1992	6.9	13908	0	0	0	0	0	1	0	1	0	0	0	0	0	0	0	0	0	0	0	0	0	0	0	0.156436156	0.036001036	0.241647242	0.053613054	0.512302512
m468	pearl harbor	2001	5.4	97519	1	0	0	0	0	0	0	1	0	0	0	0	0	0	0	0	1	0	0	0	0	1	0	0.162824207	0.370557157	0.166826769	0.052753762	0.247038104
m195	star trek: insurrection	1998	6.3	26728	1	1	0	0	0	0	0	0	0	0	0	0	0	0	0	0	0	1	0	0	1	0	0	0.030984429	0.74631829	0.150699393	0.052731591	0.019266297
m273	book of shadows: blair witch 2	2000	4.1	16285	0	0	0	0	0	1	0	0	0	0	0	0	1	0	0	1	0	0	0	0	1	0	0	0.41989748	0.108728612	0.163526099	0.052703776	0.255144033
m349	final destination 2	2003	6.4	36312	0	0	0	0	0	0	0	0	0	0	0	0	1	0	0	0	0	0	0	0	1	0	0	0.414626183	0.174774187	0.146479486	0.052454021	0.211666123
m142	the mummy	1999	6.9	96736	1	1	0	0	0	0	0	0	0	1	0	0	0	0	0	0	0	0	0	0	0	0	0	0.139573071	0.120051086	0.46743295	0.051997811	0.220945083
m305	cool hand luke	1967	8.3	46514	0	0	0	0	0	1	0	1	0	0	0	0	0	0	0	0	0	0	0	0	0	0	0	0.034906941	0.041057592	0.200655004	0.051681444	0.671699017
m320	the deer hunter	1978	8.2	89841	0	0	0	0	0	0	0	1	0	0	0	0	0	0	0	0	0	0	0	0	0	1	0	0.103185596	0.027316097	0.07440751	0.051400431	0.743690366
m192	star trek iii: the search for spock	1984	6.5	22466	1	1	0	0	0	0	0	0	0	0	0	0	0	0	0	0	0	1	0	0	1	0	0	0.017079031	0.783362556	0.132606013	0.051366972	0.015585428
m232	the abyss	1989	7.6	51699	1	1	0	0	0	0	0	1	0	0	0	0	0	0	0	0	0	1	0	0	1	0	0	0.146268394	0.42109437	0.03559785	0.051193938	0.345845449
m530	starship troopers	1997	7.1	84874	1	1	0	0	0	0	0	0	0	0	0	0	0	0	0	0	0	1	0	0	1	0	0	0.176302232	0.463651975	0.102270559	0.051071678	0.206703555
m216	thelma & louise	1991	7.3	44372	0	0	0	0	0	1	0	1	0	0	0	0	0	0	0	0	0	0	0	0	1	0	0	0.237396184	0.050998878	0.050819304	0.050953984	0.60983165
m518	sling blade	1996	8	42087	0	0	0	0	0	0	0	1	0	0	0	0	0	0	0	0	0	0	0	0	0	0	0	0.216543682	0.018128815	0.106465033	0.050863928	0.607998542
m183	slash	2002	4.2	899	0	0	0	0	1	0	0	0	0	0	0	0	1	0	0	0	0	0	0	0	1	0	0	0.304783092	0.075392411	0.233963663	0.050797182	0.335063651
m339	escape from l.a.	1996	5.3	23551	1	1	0	0	0	0	0	0	0	0	0	0	0	0	0	0	0	1	0	0	1	0	0	0.078790239	0.453400831	0.100207684	0.050752856	0.31684839
m65	from dusk till dawn	1996	7.1	81559	1	0	0	0	0	1	0	0	0	0	0	0	1	0	0	0	0	0	0	0	1	0	0	0.128279717	0.102669405	0.14516313	0.050707278	0.57318047
m158	pet sematary	1989	6.3	19851	0	0	0	0	0	0	0	1	0	1	0	0	1	0	0	1	0	0	0	0	1	0	0	0.267751623	0.057153928	0.47311828	0.050566696	0.151409474
m193	star trek: the wrath of khan	1982	7.8	36503	1	1	0	0	0	0	0	0	0	0	0	0	0	0	0	0	0	1	0	0	1	0	0	0.03204688	0.776083871	0.125028613	0.050496727	0.016343909
m271	blade ii	2002	6.6	51826	1	1	0	0	0	0	0	0	0	1	0	0	1	0	0	0	0	0	0	0	1	0	0	0.14028883	0.368847627	0.25596817	0.050397878	0.184497495
m445	monty python and the holy grail	1975	8.4	157683	0	1	0	0	1	0	0	0	0	0	0	0	0	0	0	0	0	0	0	0	0	0	0	0.07257221	0.078847856	0.754123421	0.050285622	0.044170891
m351	rambo: first blood part ii	1985	5.8	39147	1	1	0	0	0	0	0	0	0	0	0	0	0	0	0	0	0	0	0	0	1	0	0	0.134604472	0.343547838	0.091817047	0.049824084	0.38020656
m404	jaws 3-d	1983	3.3	12839	0	0	0	0	0	0	0	0	0	0	0	0	0	0	0	0	0	0	0	0	1	0	0	0.300925926	0.284207819	0.18175583	0.049725652	0.183384774
m610	the wizard of oz	1939	8.3	104873	0	1	0	0	0	0	0	0	1	1	0	0	0	0	1	0	0	0	0	0	0	0	0	0.116962775	0.055273548	0.673364354	0.049421884	0.104977439
m493	romeo and juliet	1968	7.8	12360	0	0	0	0	0	0	0	1	0	0	0	0	0	0	0	0	1	0	0	0	0	0	0	0.02818948	0.023588104	0.883754722	0.049162065	0.015305628
m40	braveheart	1995	8.4	245652	1	0	0	1	0	0	0	1	0	0	0	1	0	0	0	0	0	0	0	0	0	1	0	0.02896526	0.062307907	0.814938996	0.048989476	0.044798361
m538	sugar & spice	2001	5.2	6981	0	0	0	0	1	1	0	0	0	0	0	0	0	0	0	0	0	0	0	0	0	0	0	0.418860878	0.041830065	0.132492997	0.048272642	0.358543417
m247	apocalypse now	1979	8.6	176465	0	0	0	0	0	0	0	1	0	0	0	0	0	0	0	0	0	0	0	0	0	1	0	0.062658672	0.391238589	0.191541079	0.046994004	0.307567655
m25	backdraft	1991	6.6	28541	1	0	0	0	0	1	0	1	0	0	0	0	0	0	0	1	0	0	0	0	1	0	0	0.180637049	0.193396666	0.05658005	0.046521375	0.52286486
m300	cliffhanger	1993	6.2	34880	1	1	0	0	0	0	0	0	0	0	0	0	0	0	0	0	0	0	0	0	1	0	0	0.158460026	0.369487936	0.123288707	0.046289993	0.302473338
m377	hackers	1995	5.8	27009	1	0	0	0	0	1	0	1	0	0	0	0	0	0	0	0	0	0	0	0	1	0	0	0.229338704	0.366968781	0.043168849	0.046257133	0.314266532
m447	arcade	1993	4.6	668	0	0	0	0	0	0	0	0	0	0	0	0	0	0	0	0	0	1	0	0	0	0	0	0.428901734	0.278355812	0.132048812	0.046242775	0.114450867
m433	the matrix	1999	8.7	389480	1	1	0	0	0	0	0	0	0	0	0	0	0	0	0	0	0	1	0	0	0	0	0	0.181192456	0.560829534	0.103691785	0.046124966	0.108161259
m528	sphere	1998	5.6	31924	0	0	0	0	0	0	0	1	0	0	0	0	1	0	0	1	0	1	0	0	1	0	0	0.142561082	0.665394124	0.049011053	0.04599331	0.09704043
m589	u turn	1997	6.7	25388	0	0	0	0	0	1	0	1	0	0	0	0	0	0	0	0	0	0	0	0	1	0	0	0.083732752	0.02523602	0.162890341	0.045497458	0.682643428
m240	american pie	1999	6.9	107961	0	0	0	0	1	0	0	0	0	0	0	0	0	0	0	0	1	0	0	0	0	0	0	0.600624025	0.046801872	0.085398972	0.044606229	0.222568903
m121	little nicky	2000	5	35489	0	0	1	0	1	0	0	0	0	1	0	0	1	0	0	0	1	0	0	0	0	0	0	0.3199015	0.062084919	0.262592344	0.044548914	0.310872323
m502	saving private ryan	1998	8.5	275666	1	0	0	0	0	0	0	1	0	0	0	1	0	0	0	0	0	0	0	0	0	1	0	0.06773144	0.421029281	0.180074929	0.044217687	0.286946663
m280	bones	2001	4	3525	0	0	0	0	0	1	0	0	0	0	0	0	1	0	0	0	0	0	0	0	0	0	0	0.207977208	0.078415412	0.17372134	0.044159544	0.495726496
m191	star trek: generations	1994	6.5	26662	1	0	0	0	0	0	0	0	0	0	0	0	0	0	0	1	0	1	0	0	1	0	0	0.040101994	0.800880853	0.090403338	0.043656313	0.024957503
m37	the boondock saints	1999	7.8	87895	1	0	0	0	0	1	0	1	0	0	0	0	0	0	0	0	0	0	0	0	1	0	0	0.117183339	0.071535102	0.161659742	0.043624161	0.605997656
m537	suburbia	1996	6.5	4552	0	0	0	0	1	0	0	1	0	0	0	0	0	0	0	0	0	0	0	0	0	0	0	0.36283327	0.035368032	0.034347493	0.043468555	0.523982651
m145	next friday	2000	5.4	10267	0	0	0	0	1	0	0	0	0	0	0	0	0	0	0	0	0	0	0	0	0	0	0	0.164881749	0.046854083	0.061133423	0.043061133	0.684069612
m202	swingers	1996	7.6	32427	0	0	0	0	1	0	0	1	0	0	0	0	0	0	0	0	0	0	0	0	0	0	0	0.431911111	0.030266667	0.047733333	0.0428	0.447288889
m212	the lost boys	1987	7	34826	0	0	0	0	1	0	0	0	0	1	0	0	1	0	0	0	0	0	0	0	1	0	0	0.384502924	0.076453388	0.277863777	0.042397661	0.21878225
m61	feast	2005	6.4	12248	1	0	0	0	1	0	0	0	0	0	0	0	1	0	0	0	0	0	0	0	1	0	0	0.163316901	0.16976362	0.143976741	0.04133485	0.481607888
m54	erik the viking	1989	5.9	5889	0	1	0	0	1	0	0	0	0	1	0	0	0	0	0	0	0	0	0	0	0	0	0	0.153751187	0.052231719	0.71994302	0.041025641	0.033048433
m374	the grapes of wrath	1940	8.3	23850	0	0	0	0	0	0	0	1	0	0	0	0	0	0	0	0	0	0	0	0	0	0	0	0.020249629	0.016147334	0.120843153	0.040979314	0.801780571
m50	donnie darko	2001	8.3	215194	0	0	0	0	0	0	0	1	0	0	0	0	0	0	0	1	0	1	0	0	0	0	0	0.507869639	0.170499093	0.191972383	0.040606167	0.089052718
m222	tremors	1990	7.1	30553	1	0	0	0	1	0	0	0	0	0	0	0	1	0	0	0	0	0	0	0	1	0	0	0.16030663	0.153735995	0.0721085	0.040603151	0.573245725
m326	do the right thing	1989	7.9	27164	0	0	0	0	0	0	0	1	0	0	0	0	0	0	0	0	0	0	0	0	0	0	0	0.079748576	0.026844759	0.166830354	0.040398088	0.686178223
m460	a nightmare on elm street part 2: freddy's revenge	1985	4.9	16582	0	0	0	0	0	0	0	0	0	1	0	0	1	0	0	0	0	0	0	0	1	0	0	0.500523404	0.073276507	0.081950052	0.040376851	0.303873187
m71	ghost ship	2002	5.3	26413	0	0	0	0	0	0	0	0	0	0	0	0	1	0	0	1	0	0	0	0	1	0	0	0.07274059	0.475659229	0.051329727	0.039948163	0.36032229
m185	smokey and the bandit	1977	6.6	14147	1	0	0	0	1	1	0	0	0	0	0	0	0	0	0	0	1	0	0	0	0	0	0	0.158392435	0.088652482	0.114826072	0.038922661	0.599206349
m328	dune	1984	6.5	38954	1	1	0	0	0	0	0	0	0	0	0	0	0	0	0	0	0	1	0	0	0	0	0	0.066418374	0.237740534	0.635526588	0.038485413	0.021829092
m583	star trek v: the final frontier	1989	5	20749	1	1	0	0	0	0	0	0	0	0	0	0	0	0	0	0	0	1	0	0	1	0	0	0.041588071	0.684002515	0.216204078	0.038354442	0.019850894
m527	spare me	1992	5.8	26	0	0	0	0	0	0	0	0	0	0	0	0	0	0	0	0	0	0	0	0	1	0	0	0.553848992	0.054840644	0.119736175	0.038282367	0.233291822
m489	star wars: episode vi - return of the jedi	1983	8.3	215058	1	1	0	0	0	0	0	0	0	1	0	0	0	0	0	0	0	1	0	0	0	0	0	0.055555556	0.394516284	0.44612069	0.038194444	0.065613027
m68	galaxy quest	1999	7.2	53004	1	1	0	0	1	0	0	0	0	0	0	0	0	0	0	0	0	1	0	0	0	0	0	0.162637612	0.590398366	0.123822495	0.037907162	0.085234366
m399	interview with the vampire: the vampire chronicles	1994	7.4	80077	0	0	0	0	0	0	0	1	0	1	0	0	0	0	0	0	0	0	0	0	0	0	0	0.080508792	0.049906472	0.806958474	0.037411149	0.025215114
m198	star trek: nemesis	2002	6.4	28682	1	0	0	0	0	0	0	0	0	0	0	0	0	0	0	0	0	1	0	0	1	0	0	0.020356605	0.75275713	0.181849099	0.036292086	0.008745081
m51	drop dead gorgeous	1999	6.3	16417	0	0	0	0	1	0	0	0	0	0	0	0	0	0	0	0	1	0	0	0	1	0	0	0.358218549	0.041965106	0.081910009	0.036271809	0.481634527
m47	dark star	1974	6.5	8303	0	0	0	0	1	0	0	0	0	0	0	0	0	0	0	0	0	1	0	0	1	0	0	0.113520285	0.750216826	0.036715814	0.035655777	0.063891298
m591	unforgiven	1992	8.3	101270	0	0	0	0	0	0	0	1	0	0	0	0	0	0	0	0	0	0	0	0	0	0	1	0.0350465	0.023837494	0.159226628	0.034410181	0.747479197
m264	beavis and butt-head do america	1996	6.6	23149	0	1	1	0	1	1	0	0	0	0	0	0	0	0	0	0	0	0	0	0	0	0	0	0.095986938	0.051044084	0.025951706	0.03437312	0.792644152
m472	pitch black	2000	7	55982	1	0	0	0	0	0	0	0	0	0	0	0	0	0	0	0	0	1	0	0	1	0	0	0.12962963	0.297748729	0.162890341	0.033986928	0.375744372
m317	day of the dead	1985	7	22746	0	0	0	0	0	0	0	0	0	0	0	0	1	0	0	0	0	1	0	0	0	0	0	0.059794734	0.238554217	0.319321731	0.033913432	0.348415886
m608	willow	1988	7.1	33506	1	1	0	0	0	0	0	1	0	1	0	0	0	0	0	0	1	0	0	0	0	0	0	0.069203198	0.068376068	0.688034188	0.033223049	0.141163496
m288	bull durham	1988	7	18941	0	0	0	0	1	0	0	0	0	0	0	0	0	0	0	0	1	0	0	1	0	0	0	0.287685096	0.07430489	0.131991051	0.032917865	0.473101097
m219	thunderheart	1992	6.6	6662	0	0	0	0	0	1	0	0	0	0	0	0	0	0	0	1	0	0	0	0	1	0	1	0.035756915	0.216876849	0.183092013	0.032746899	0.531527324
m570	three kings	1999	7.3	69757	1	1	0	0	1	0	0	1	0	0	0	0	0	0	0	0	0	0	0	0	0	1	0	0.12860734	0.337254902	0.189793866	0.032629462	0.311714429
m337	star wars: the empire strikes back	1982	8	42	1	1	1	0	0	0	0	0	0	1	0	0	0	0	0	0	0	0	0	0	0	0	0	0.061947431	0.507885305	0.350119474	0.02921147	0.05083632
m236	alien	1979	8.5	184471	0	1	0	0	0	0	0	0	0	0	0	0	1	0	0	0	0	1	0	0	1	0	0	0.133860032	0.662744439	0.09206029	0.027511627	0.083823612
m111	kids	1995	6.8	26546	0	0	0	0	0	1	0	1	0	0	0	0	0	0	0	0	0	0	0	0	0	0	0	0.376332772	0.028549383	0.060606061	0.027427048	0.507084736
m531	star trek: the motion picture	1979	6.2	25723	0	1	0	0	0	0	0	0	0	1	0	0	0	0	0	1	0	1	0	0	0	0	0	0.019812227	0.918976861	0.023064981	0.027056997	0.011088933
m474	platoon	1986	8.2	110867	1	0	0	0	0	0	0	1	0	0	0	0	0	0	0	0	0	0	0	0	0	1	0	0.06885015	0.121148089	0.134266596	0.026325057	0.649410107
m525	south park: bigger longer & uncut	1999	7.8	80257	0	0	1	0	1	0	0	0	0	0	0	0	0	0	1	0	0	0	0	0	0	0	0	0.320329218	0.058655693	0.358024691	0.025788752	0.237201646
m57	event horizon	1997	6.4	45497	0	0	0	0	0	0	0	0	0	0	0	0	1	0	0	1	0	1	0	0	0	0	0	0.051098957	0.821432189	0.02749924	0.023852932	0.076116682
m107	jason x	2001	4.4	18199	0	0	0	0	0	0	0	0	0	0	0	0	1	0	0	0	0	1	0	0	0	0	0	0.172121847	0.448895872	0.076983504	0.02208257	0.279916208
m32	black snake moan	2006	7.1	28509	0	0	0	0	0	0	0	1	0	0	0	0	0	0	0	0	0	0	0	0	0	0	0	0.096035734	0.033754632	0.184000812	0.019237602	0.66697122
m118	legend	1985	6.2	20907	0	1	0	0	0	0	0	0	0	1	0	0	0	0	0	0	1	0	0	0	0	0	0	0.029412917	0.058042533	0.867778953	0.017350096	0.027415502